[
  {
    "sISOCode": "AD",
    "sName": "Andorra",
    "sCapitalCity": "Andorra La Ville",
    "sPhoneCode": "371",
    "sContinentCode": "EU",
    "sCurrencyISOCode": "EUR",
    "sCountryFlag": "http:\/\/www.oorsprong.org\/WebSamples.CountryInfo\/Flags\/Andorra.jpg",
    "Languages": {
      "tLanguage": [
        {
          "sISOCode": "cat",
          "sName": "Catalan"
        },
        {
          "sISOCode": "es",
          "sName": "Spanish"
        },
        {
          "sISOCode": "fr",
          "sName": "French"
        },
        {
          "sISOCode": "glg",
          "sName": "Gallegan"
        },
        {
          "sISOCode": "por",
          "sName": "Portuguese"
        }
      ]
    }
  },
  {
    "sISOCode": "AE",
    "sName": "United Arab Emirates",
    "sCapitalCity": "Abu Dhabi",
    "sPhoneCode": "971",
    "sContinentCode": "AS",
    "sCurrencyISOCode": "AED",
    "sCountryFlag": "http:\/\/www.oorsprong.org\/WebSamples.CountryInfo\/Flags\/United_Arab_Emirates.jpg",
    "Languages": {
      "tLanguage": {
        "sISOCode": "ara",
        "sName": "Arabic"
      }
    }
  },
  {
    "sISOCode": "AF",
    "sName": "Afghanistan",
    "sCapitalCity": "Kabul",
    "sPhoneCode": "93",
    "sContinentCode": "AS",
    "sCurrencyISOCode": "AFA",
    "sCountryFlag": "http:\/\/www.oorsprong.org\/WebSamples.CountryInfo\/Flags\/Afghanistan.jpg",
    "Languages": {
      "tLanguage": {
        "sISOCode": "pus",
        "sName": "Pushto"
      }
    }
  },
  {
    "sISOCode": "AG",
    "sName": "Antigua & Barbuda",
    "sCapitalCity": "St. John's",
    "sPhoneCode": "1",
    "sContinentCode": "AM",
    "sCurrencyISOCode": "XCD",
    "sCountryFlag": "http:\/\/www.oorsprong.org\/WebSamples.CountryInfo\/Flags\/Antigua.jpg",
    "Languages": {
      "tLanguage": {
        "sISOCode": "eng",
        "sName": "English"
      }
    }
  },
  {
    "sISOCode": "AI",
    "sName": "Anguilla",
    "sCapitalCity": "The Valley",
    "sPhoneCode": "264",
    "sContinentCode": "AM",
    "sCurrencyISOCode": "CAD",
    "sCountryFlag": "http:\/\/www.oorsprong.org\/WebSamples.CountryInfo\/Flags\/Anguilla.jpg",
    "Languages": {}
  },
  {
    "sISOCode": "AL",
    "sName": "Albania",
    "sCapitalCity": "Tirana",
    "sPhoneCode": "355",
    "sContinentCode": "EU",
    "sCurrencyISOCode": "ALL",
    "sCountryFlag": "http:\/\/www.oorsprong.org\/WebSamples.CountryInfo\/Flags\/Albania.jpg",
    "Languages": {
      "tLanguage": {
        "sISOCode": "sq",
        "sName": "Albanian"
      }
    }
  },
  {
    "sISOCode": "AM",
    "sName": "Armenia",
    "sCapitalCity": "Yerevan",
    "sPhoneCode": "374",
    "sContinentCode": "AS",
    "sCurrencyISOCode": "AMD",
    "sCountryFlag": "http:\/\/www.oorsprong.org\/WebSamples.CountryInfo\/Flags\/Armenia.jpg",
    "Languages": {
      "tLanguage": {
        "sISOCode": "hy",
        "sName": "Armenian"
      }
    }
  },
  {
    "sISOCode": "AN",
    "sName": "Netherlands Antilles",
    "sCapitalCity": "Willemstad",
    "sPhoneCode": "599",
    "sContinentCode": "AM",
    "sCurrencyISOCode": "ANG",
    "sCountryFlag": "http:\/\/www.oorsprong.org\/WebSamples.CountryInfo\/Flags\/Netherlands_Antilles.jpg",
    "Languages": {}
  },
  {
    "sISOCode": "AO",
    "sName": "Angola",
    "sCapitalCity": "Luanda",
    "sPhoneCode": "244",
    "sContinentCode": "AF",
    "sCurrencyISOCode": "AOA",
    "sCountryFlag": "http:\/\/www.oorsprong.org\/WebSamples.CountryInfo\/Flags\/Angola.jpg",
    "Languages": {
      "tLanguage": {
        "sISOCode": "bnt",
        "sName": "Bantu (Other)"
      }
    }
  },
  {
    "sISOCode": "AQ",
    "sName": "Antarctica",
    "sCapitalCity": "None",
    "sPhoneCode": "0",
    "sContinentCode": "AN",
    "sCurrencyISOCode": "",
    "sCountryFlag": "http:\/\/www.oorsprong.org\/WebSamples.CountryInfo\/Flags\/Antartica.jpg",
    "Languages": {}
  },
  {
    "sISOCode": "AR",
    "sName": "Argentina",
    "sCapitalCity": "Buenos Aires",
    "sPhoneCode": "54",
    "sContinentCode": "AM",
    "sCurrencyISOCode": "ARS",
    "sCountryFlag": "http:\/\/www.oorsprong.org\/WebSamples.CountryInfo\/Flags\/Argentina.jpg",
    "Languages": {
      "tLanguage": {
        "sISOCode": "es",
        "sName": "Spanish"
      }
    }
  },
  {
    "sISOCode": "AS",
    "sName": "American Samoa",
    "sCapitalCity": "Pago Pago",
    "sPhoneCode": "684",
    "sContinentCode": "OC",
    "sCurrencyISOCode": "USD",
    "sCountryFlag": "http:\/\/www.oorsprong.org\/WebSamples.CountryInfo\/Flags\/American_Samoa.jpg",
    "Languages": {
      "tLanguage": {
        "sISOCode": "eng",
        "sName": "English"
      }
    }
  },
  {
    "sISOCode": "AT",
    "sName": "Austria",
    "sCapitalCity": "Vienna",
    "sPhoneCode": "43",
    "sContinentCode": "EU",
    "sCurrencyISOCode": "EUR",
    "sCountryFlag": "http:\/\/www.oorsprong.org\/WebSamples.CountryInfo\/Flags\/Austria.jpg",
    "Languages": {
      "tLanguage": {
        "sISOCode": "de",
        "sName": "German"
      }
    }
  },
  {
    "sISOCode": "AU",
    "sName": "Australia",
    "sCapitalCity": "Canberra",
    "sPhoneCode": "61",
    "sContinentCode": "OC",
    "sCurrencyISOCode": "AUD",
    "sCountryFlag": "http:\/\/www.oorsprong.org\/WebSamples.CountryInfo\/Flags\/Australia.jpg",
    "Languages": {
      "tLanguage": {
        "sISOCode": "eng",
        "sName": "English"
      }
    }
  },
  {
    "sISOCode": "AW",
    "sName": "Aruba",
    "sCapitalCity": "Oranjestad",
    "sPhoneCode": "297",
    "sContinentCode": "AM",
    "sCurrencyISOCode": "AWG",
    "sCountryFlag": "http:\/\/www.oorsprong.org\/WebSamples.CountryInfo\/Flags\/Aruba.jpg",
    "Languages": {}
  },
  {
    "sISOCode": "AX",
    "sName": "\u00c5land Islands",
    "sCapitalCity": "Mariehamn",
    "sPhoneCode": "358",
    "sContinentCode": "EU",
    "sCurrencyISOCode": "EUR",
    "sCountryFlag": "http:\/\/www.oorsprong.org\/WebSamples.CountryInfo\/Flags\/\u00c5land_Islands.jpg",
    "Languages": {
      "tLanguage": {
        "sISOCode": "sv",
        "sName": "Swedish"
      }
    }
  },
  {
    "sISOCode": "AZ",
    "sName": "Azerbaijan",
    "sCapitalCity": "Baku",
    "sPhoneCode": "994",
    "sContinentCode": "AS",
    "sCurrencyISOCode": "AZM",
    "sCountryFlag": "http:\/\/www.oorsprong.org\/WebSamples.CountryInfo\/Flags\/Azerbaijan.jpg",
    "Languages": {
      "tLanguage": {
        "sISOCode": "aze",
        "sName": "Azerbaijani"
      }
    }
  },
  {
    "sISOCode": "BA",
    "sName": "Bosnia & Herzegovina",
    "sCapitalCity": "Sarajevo",
    "sPhoneCode": "387",
    "sContinentCode": "EU",
    "sCurrencyISOCode": "BAM",
    "sCountryFlag": "http:\/\/www.oorsprong.org\/WebSamples.CountryInfo\/Flags\/Bosnia_Herzegovina.jpg",
    "Languages": {
      "tLanguage": {
        "sISOCode": "scr",
        "sName": "Serbo-Croatian"
      }
    }
  },
  {
    "sISOCode": "BB",
    "sName": "Barbados",
    "sCapitalCity": "Bridgetown",
    "sPhoneCode": "1",
    "sContinentCode": "AM",
    "sCurrencyISOCode": "BBD",
    "sCountryFlag": "http:\/\/www.oorsprong.org\/WebSamples.CountryInfo\/Flags\/Barbados.jpg",
    "Languages": {
      "tLanguage": {
        "sISOCode": "eng",
        "sName": "English"
      }
    }
  },
  {
    "sISOCode": "BD",
    "sName": "Bangladesh",
    "sCapitalCity": "Dhaka",
    "sPhoneCode": "880",
    "sContinentCode": "AS",
    "sCurrencyISOCode": "BDT",
    "sCountryFlag": "http:\/\/www.oorsprong.org\/WebSamples.CountryInfo\/Flags\/Bangladesh.jpg",
    "Languages": {
      "tLanguage": {
        "sISOCode": "ben",
        "sName": "Bengali"
      }
    }
  },
  {
    "sISOCode": "BE",
    "sName": "Belgium",
    "sCapitalCity": "Brussels",
    "sPhoneCode": "32",
    "sContinentCode": "EU",
    "sCurrencyISOCode": "EUR",
    "sCountryFlag": "http:\/\/www.oorsprong.org\/WebSamples.CountryInfo\/Flags\/Belgium.jpg",
    "Languages": {
      "tLanguage": {
        "sISOCode": "nl",
        "sName": "Dutch"
      }
    }
  },
  {
    "sISOCode": "BF",
    "sName": "Burkina Faso",
    "sCapitalCity": "Ouagadougou",
    "sPhoneCode": "226",
    "sContinentCode": "AF",
    "sCurrencyISOCode": "XOF",
    "sCountryFlag": "http:\/\/www.oorsprong.org\/WebSamples.CountryInfo\/Flags\/Burkina.jpg",
    "Languages": {
      "tLanguage": {
        "sISOCode": "fr",
        "sName": "French"
      }
    }
  },
  {
    "sISOCode": "BG",
    "sName": "Bulgaria",
    "sCapitalCity": "Sofia",
    "sPhoneCode": "359",
    "sContinentCode": "EU",
    "sCurrencyISOCode": "BGN",
    "sCountryFlag": "http:\/\/www.oorsprong.org\/WebSamples.CountryInfo\/Flags\/Bulgaria.jpg",
    "Languages": {
      "tLanguage": {
        "sISOCode": "bul",
        "sName": "Bulgarian"
      }
    }
  },
  {
    "sISOCode": "BH",
    "sName": "Bahrain",
    "sCapitalCity": "Manama",
    "sPhoneCode": "973",
    "sContinentCode": "AS",
    "sCurrencyISOCode": "BHD",
    "sCountryFlag": "http:\/\/www.oorsprong.org\/WebSamples.CountryInfo\/Flags\/Bahrain.jpg",
    "Languages": {
      "tLanguage": {
        "sISOCode": "ara",
        "sName": "Arabic"
      }
    }
  },
  {
    "sISOCode": "BI",
    "sName": "Burundi",
    "sCapitalCity": "Bujumbura",
    "sPhoneCode": "257",
    "sContinentCode": "AF",
    "sCurrencyISOCode": "BIF",
    "sCountryFlag": "http:\/\/www.oorsprong.org\/WebSamples.CountryInfo\/Flags\/Burundi.jpg",
    "Languages": {
      "tLanguage": {
        "sISOCode": "rn",
        "sName": "Kirundi"
      }
    }
  },
  {
    "sISOCode": "BJ",
    "sName": "Benin",
    "sCapitalCity": "Porto-Novo",
    "sPhoneCode": "229",
    "sContinentCode": "AF",
    "sCurrencyISOCode": "XOF",
    "sCountryFlag": "http:\/\/www.oorsprong.org\/WebSamples.CountryInfo\/Flags\/Benin.jpg",
    "Languages": {
      "tLanguage": {
        "sISOCode": "fr",
        "sName": "French"
      }
    }
  },
  {
    "sISOCode": "BL",
    "sName": "Saint Barth\u00e9lemy",
    "sCapitalCity": "Gustavia",
    "sPhoneCode": "590",
    "sContinentCode": "AM",
    "sCurrencyISOCode": "EUR",
    "sCountryFlag": "http:\/\/www.oorsprong.org\/WebSamples.CountryInfo\/Flags\/Saint_Barthelemy.png",
    "Languages": {
      "tLanguage": {
        "sISOCode": "fr",
        "sName": "French"
      }
    }
  },
  {
    "sISOCode": "BM",
    "sName": "Bermuda",
    "sCapitalCity": "Hamilton",
    "sPhoneCode": "441",
    "sContinentCode": "AM",
    "sCurrencyISOCode": "BMD",
    "sCountryFlag": "http:\/\/www.oorsprong.org\/WebSamples.CountryInfo\/Flags\/Bermuda.jpg",
    "Languages": {}
  },
  {
    "sISOCode": "BN",
    "sName": "Brunei-Darussalam",
    "sCapitalCity": "Bandar Seri Begawan",
    "sPhoneCode": "673",
    "sContinentCode": "AS",
    "sCurrencyISOCode": "BND",
    "sCountryFlag": "http:\/\/www.oorsprong.org\/WebSamples.CountryInfo\/Flags\/Brunei-Darussalam.jpg",
    "Languages": {
      "tLanguage": {
        "sISOCode": "ms",
        "sName": "Malay"
      }
    }
  },
  {
    "sISOCode": "BO",
    "sName": "Bolivia",
    "sCapitalCity": "La Paz",
    "sPhoneCode": "591",
    "sContinentCode": "AM",
    "sCurrencyISOCode": "BOB",
    "sCountryFlag": "http:\/\/www.oorsprong.org\/WebSamples.CountryInfo\/Flags\/Bolivia.jpg",
    "Languages": {
      "tLanguage": {
        "sISOCode": "es",
        "sName": "Spanish"
      }
    }
  },
  {
    "sISOCode": "BQ",
    "sName": "Bonaire, Sint Eustatius and Saba",
    "sCapitalCity": "-",
    "sPhoneCode": "599",
    "sContinentCode": "AM",
    "sCurrencyISOCode": "USD",
    "sCountryFlag": "http:\/\/www.oorsprong.org\/WebSamples.CountryInfo\/Flags\/Netherlands.jpg",
    "Languages": {
      "tLanguage": {
        "sISOCode": "nl",
        "sName": "Dutch"
      }
    }
  },
  {
    "sISOCode": "BR",
    "sName": "Brazil",
    "sCapitalCity": "Brasilia",
    "sPhoneCode": "55",
    "sContinentCode": "AM",
    "sCurrencyISOCode": "BRL",
    "sCountryFlag": "http:\/\/www.oorsprong.org\/WebSamples.CountryInfo\/Flags\/Brazil.jpg",
    "Languages": {
      "tLanguage": {
        "sISOCode": "por",
        "sName": "Portuguese"
      }
    }
  },
  {
    "sISOCode": "BS",
    "sName": "Bahamas",
    "sCapitalCity": "Nassau",
    "sPhoneCode": "1",
    "sContinentCode": "AM",
    "sCurrencyISOCode": "BSD",
    "sCountryFlag": "http:\/\/www.oorsprong.org\/WebSamples.CountryInfo\/Flags\/Bahamas.jpg",
    "Languages": {
      "tLanguage": {
        "sISOCode": "eng",
        "sName": "English"
      }
    }
  },
  {
    "sISOCode": "BT",
    "sName": "Bhutan",
    "sCapitalCity": "Timphu",
    "sPhoneCode": "975",
    "sContinentCode": "AS",
    "sCurrencyISOCode": "BTN",
    "sCountryFlag": "http:\/\/www.oorsprong.org\/WebSamples.CountryInfo\/Flags\/Bhutan.jpg",
    "Languages": {
      "tLanguage": {
        "sISOCode": "dzo",
        "sName": "Dzongkha"
      }
    }
  },
  {
    "sISOCode": "BV",
    "sName": "Bouvet Island",
    "sCapitalCity": "None",
    "sPhoneCode": "578",
    "sContinentCode": "AN",
    "sCurrencyISOCode": "NOK",
    "sCountryFlag": "http:\/\/www.oorsprong.org\/WebSamples.CountryInfo\/Flags\/Norway.jpg",
    "Languages": {}
  },
  {
    "sISOCode": "BW",
    "sName": "Botswana",
    "sCapitalCity": "Gaborone",
    "sPhoneCode": "267",
    "sContinentCode": "AF",
    "sCurrencyISOCode": "BWP",
    "sCountryFlag": "http:\/\/www.oorsprong.org\/WebSamples.CountryInfo\/Flags\/Botswana.jpg",
    "Languages": {
      "tLanguage": {
        "sISOCode": "eng",
        "sName": "English"
      }
    }
  },
  {
    "sISOCode": "BY",
    "sName": "Belarus",
    "sCapitalCity": "Minsk",
    "sPhoneCode": "375",
    "sContinentCode": "EU",
    "sCurrencyISOCode": "BYR",
    "sCountryFlag": "http:\/\/www.oorsprong.org\/WebSamples.CountryInfo\/Flags\/Belarus.jpg",
    "Languages": {
      "tLanguage": {
        "sISOCode": "bel",
        "sName": "Byelorussian"
      }
    }
  },
  {
    "sISOCode": "BZ",
    "sName": "Belize",
    "sCapitalCity": "Belmopan",
    "sPhoneCode": "501",
    "sContinentCode": "AM",
    "sCurrencyISOCode": "BZD",
    "sCountryFlag": "http:\/\/www.oorsprong.org\/WebSamples.CountryInfo\/Flags\/Belize.jpg",
    "Languages": {
      "tLanguage": {
        "sISOCode": "eng",
        "sName": "English"
      }
    }
  },
  {
    "sISOCode": "CA",
    "sName": "Canada",
    "sCapitalCity": "Ottawa",
    "sPhoneCode": "1",
    "sContinentCode": "AM",
    "sCurrencyISOCode": "CAD",
    "sCountryFlag": "http:\/\/www.oorsprong.org\/WebSamples.CountryInfo\/Flags\/Canada.jpg",
    "Languages": {
      "tLanguage": {
        "sISOCode": "eng",
        "sName": "English"
      }
    }
  },
  {
    "sISOCode": "CC",
    "sName": "Cocos (Keeling) Islands",
    "sCapitalCity": "West Island",
    "sPhoneCode": "287",
    "sContinentCode": "OC",
    "sCurrencyISOCode": "AUD",
    "sCountryFlag": "http:\/\/www.oorsprong.org\/WebSamples.CountryInfo\/Flags\/Cocos_Keeling_Islands.jpg",
    "Languages": {}
  },
  {
    "sISOCode": "CD",
    "sName": "Congo, Democratic Republic",
    "sCapitalCity": "Kinshasha",
    "sPhoneCode": "243",
    "sContinentCode": "AF",
    "sCurrencyISOCode": "XAF",
    "sCountryFlag": "http:\/\/www.oorsprong.org\/WebSamples.CountryInfo\/Flags\/Congo.jpg",
    "Languages": {
      "tLanguage": {
        "sISOCode": "fr",
        "sName": "French"
      }
    }
  },
  {
    "sISOCode": "CF",
    "sName": "Central African Republic",
    "sCapitalCity": "Bangui",
    "sPhoneCode": "236",
    "sContinentCode": "AF",
    "sCurrencyISOCode": "XAF",
    "sCountryFlag": "http:\/\/www.oorsprong.org\/WebSamples.CountryInfo\/Flags\/Central.jpg",
    "Languages": {
      "tLanguage": {
        "sISOCode": "fr",
        "sName": "French"
      }
    }
  },
  {
    "sISOCode": "CG",
    "sName": "Congo",
    "sCapitalCity": "Brazzerville",
    "sPhoneCode": "242",
    "sContinentCode": "AF",
    "sCurrencyISOCode": "CDF",
    "sCountryFlag": "http:\/\/www.oorsprong.org\/WebSamples.CountryInfo\/Flags\/Congo.jpg",
    "Languages": {
      "tLanguage": {
        "sISOCode": "fr",
        "sName": "French"
      }
    }
  },
  {
    "sISOCode": "CH",
    "sName": "Switzerland",
    "sCapitalCity": "Bern",
    "sPhoneCode": "41",
    "sContinentCode": "EU",
    "sCurrencyISOCode": "CHF",
    "sCountryFlag": "http:\/\/www.oorsprong.org\/WebSamples.CountryInfo\/Flags\/Switzerl.jpg",
    "Languages": {
      "tLanguage": {
        "sISOCode": "de",
        "sName": "German"
      }
    }
  },
  {
    "sISOCode": "CI",
    "sName": "C\u00f4te D'Ivoire (Ivory Coast)",
    "sCapitalCity": "Yamoussoukro",
    "sPhoneCode": "225",
    "sContinentCode": "AF",
    "sCurrencyISOCode": "XOF",
    "sCountryFlag": "http:\/\/www.oorsprong.org\/WebSamples.CountryInfo\/Flags\/Ivory Coast.jpg",
    "Languages": {
      "tLanguage": {
        "sISOCode": "fr",
        "sName": "French"
      }
    }
  },
  {
    "sISOCode": "CK",
    "sName": "Cook Islands",
    "sCapitalCity": "Avarua",
    "sPhoneCode": "682",
    "sContinentCode": "OC",
    "sCurrencyISOCode": "NZD",
    "sCountryFlag": "http:\/\/www.oorsprong.org\/WebSamples.CountryInfo\/Flags\/Cook_Islands.jpg",
    "Languages": {}
  },
  {
    "sISOCode": "CL",
    "sName": "Chile",
    "sCapitalCity": "Santiago",
    "sPhoneCode": "56",
    "sContinentCode": "AM",
    "sCurrencyISOCode": "CLP",
    "sCountryFlag": "http:\/\/www.oorsprong.org\/WebSamples.CountryInfo\/Flags\/Chile.jpg",
    "Languages": {
      "tLanguage": {
        "sISOCode": "es",
        "sName": "Spanish"
      }
    }
  },
  {
    "sISOCode": "CM",
    "sName": "Cameroon",
    "sCapitalCity": "Yaounde",
    "sPhoneCode": "237",
    "sContinentCode": "AF",
    "sCurrencyISOCode": "XAF",
    "sCountryFlag": "http:\/\/www.oorsprong.org\/WebSamples.CountryInfo\/Flags\/Cameroon.jpg",
    "Languages": {
      "tLanguage": {
        "sISOCode": "fr",
        "sName": "French"
      }
    }
  },
  {
    "sISOCode": "CN",
    "sName": "China",
    "sCapitalCity": "Beijing",
    "sPhoneCode": "86",
    "sContinentCode": "AS",
    "sCurrencyISOCode": "CNY",
    "sCountryFlag": "http:\/\/www.oorsprong.org\/WebSamples.CountryInfo\/Flags\/China.jpg",
    "Languages": {
      "tLanguage": {
        "sISOCode": "zh",
        "sName": "Chinese"
      }
    }
  },
  {
    "sISOCode": "CO",
    "sName": "Colombia",
    "sCapitalCity": "Bogota",
    "sPhoneCode": "57",
    "sContinentCode": "AM",
    "sCurrencyISOCode": "COP",
    "sCountryFlag": "http:\/\/www.oorsprong.org\/WebSamples.CountryInfo\/Flags\/Colombia.jpg",
    "Languages": {
      "tLanguage": {
        "sISOCode": "es",
        "sName": "Spanish"
      }
    }
  },
  {
    "sISOCode": "CR",
    "sName": "Costa Rica",
    "sCapitalCity": "San Jose",
    "sPhoneCode": "506",
    "sContinentCode": "AM",
    "sCurrencyISOCode": "CRC",
    "sCountryFlag": "http:\/\/www.oorsprong.org\/WebSamples.CountryInfo\/Flags\/Costa_Rica.jpg",
    "Languages": {
      "tLanguage": {
        "sISOCode": "es",
        "sName": "Spanish"
      }
    }
  },
  {
    "sISOCode": "CU",
    "sName": "Cuba",
    "sCapitalCity": "Havana",
    "sPhoneCode": "53",
    "sContinentCode": "AM",
    "sCurrencyISOCode": "CUP",
    "sCountryFlag": "http:\/\/www.oorsprong.org\/WebSamples.CountryInfo\/Flags\/Cuba.jpg",
    "Languages": {
      "tLanguage": {
        "sISOCode": "es",
        "sName": "Spanish"
      }
    }
  },
  {
    "sISOCode": "CV",
    "sName": "Cape Verde",
    "sCapitalCity": "Cidade de Praia",
    "sPhoneCode": "238",
    "sContinentCode": "AF",
    "sCurrencyISOCode": "CVE",
    "sCountryFlag": "http:\/\/www.oorsprong.org\/WebSamples.CountryInfo\/Flags\/Cape Verde.jpg",
    "Languages": {
      "tLanguage": {
        "sISOCode": "por",
        "sName": "Portuguese"
      }
    }
  },
  {
    "sISOCode": "CW",
    "sName": "Cura\u00e7ao",
    "sCapitalCity": "Willemstad",
    "sPhoneCode": "5999",
    "sContinentCode": "AM",
    "sCurrencyISOCode": "ANG",
    "sCountryFlag": "http:\/\/www.oorsprong.org\/WebSamples.CountryInfo\/Flags\/Cura\u00e7ao.png",
    "Languages": {
      "tLanguage": [
        {
          "sISOCode": "eng",
          "sName": "English"
        },
        {
          "sISOCode": "nl",
          "sName": "Dutch"
        },
        {
          "sISOCode": "pap",
          "sName": "Papiamento"
        }
      ]
    }
  },
  {
    "sISOCode": "CX",
    "sName": "Chrismas Island",
    "sCapitalCity": "Flying Fish Cove",
    "sPhoneCode": "672",
    "sContinentCode": "OC",
    "sCurrencyISOCode": "AUD",
    "sCountryFlag": "http:\/\/www.oorsprong.org\/WebSamples.CountryInfo\/Flags\/Christmas_Island.jpg",
    "Languages": {}
  },
  {
    "sISOCode": "CY",
    "sName": "Cyprus",
    "sCapitalCity": "Nicosia",
    "sPhoneCode": "357",
    "sContinentCode": "AS",
    "sCurrencyISOCode": "CYP",
    "sCountryFlag": "http:\/\/www.oorsprong.org\/WebSamples.CountryInfo\/Flags\/Cyprus.jpg",
    "Languages": {
      "tLanguage": {
        "sISOCode": "el",
        "sName": "Greek, Modern (1453-)"
      }
    }
  },
  {
    "sISOCode": "CZ",
    "sName": "Czech Republic",
    "sCapitalCity": "Prague",
    "sPhoneCode": "420",
    "sContinentCode": "EU",
    "sCurrencyISOCode": "CZK",
    "sCountryFlag": "http:\/\/www.oorsprong.org\/WebSamples.CountryInfo\/Flags\/Czech_Republic.jpg",
    "Languages": {
      "tLanguage": {
        "sISOCode": "cs",
        "sName": "Czech"
      }
    }
  },
  {
    "sISOCode": "DE",
    "sName": "Germany",
    "sCapitalCity": "Berlin",
    "sPhoneCode": "49",
    "sContinentCode": "EU",
    "sCurrencyISOCode": "EUR",
    "sCountryFlag": "http:\/\/www.oorsprong.org\/WebSamples.CountryInfo\/Flags\/Germany.jpg",
    "Languages": {
      "tLanguage": {
        "sISOCode": "de",
        "sName": "German"
      }
    }
  },
  {
    "sISOCode": "DJ",
    "sName": "Djibouti",
    "sCapitalCity": "Djibouti",
    "sPhoneCode": "253",
    "sContinentCode": "AF",
    "sCurrencyISOCode": "DJF",
    "sCountryFlag": "http:\/\/www.oorsprong.org\/WebSamples.CountryInfo\/Flags\/Djibouti.jpg",
    "Languages": {
      "tLanguage": {
        "sISOCode": "ara",
        "sName": "Arabic"
      }
    }
  },
  {
    "sISOCode": "DK",
    "sName": "Denmark",
    "sCapitalCity": "Copenhagen",
    "sPhoneCode": "45",
    "sContinentCode": "EU",
    "sCurrencyISOCode": "DKK",
    "sCountryFlag": "http:\/\/www.oorsprong.org\/WebSamples.CountryInfo\/Flags\/Denmark.jpg",
    "Languages": {
      "tLanguage": {
        "sISOCode": "dan",
        "sName": "Danish"
      }
    }
  },
  {
    "sISOCode": "DM",
    "sName": "Dominica",
    "sCapitalCity": "Roseau",
    "sPhoneCode": "1",
    "sContinentCode": "AM",
    "sCurrencyISOCode": "XCD",
    "sCountryFlag": "http:\/\/www.oorsprong.org\/WebSamples.CountryInfo\/Flags\/Dominica.jpg",
    "Languages": {
      "tLanguage": {
        "sISOCode": "eng",
        "sName": "English"
      }
    }
  },
  {
    "sISOCode": "DO",
    "sName": "Dominican Republic",
    "sCapitalCity": "Santo Domingo",
    "sPhoneCode": "1",
    "sContinentCode": "AM",
    "sCurrencyISOCode": "DOP",
    "sCountryFlag": "http:\/\/www.oorsprong.org\/WebSamples.CountryInfo\/Flags\/Dominica.jpg",
    "Languages": {
      "tLanguage": {
        "sISOCode": "es",
        "sName": "Spanish"
      }
    }
  },
  {
    "sISOCode": "DZ",
    "sName": "Algeria",
    "sCapitalCity": "Algiers",
    "sPhoneCode": "213",
    "sContinentCode": "AF",
    "sCurrencyISOCode": "DZD",
    "sCountryFlag": "http:\/\/www.oorsprong.org\/WebSamples.CountryInfo\/Flags\/Algeria.jpg",
    "Languages": {
      "tLanguage": {
        "sISOCode": "ara",
        "sName": "Arabic"
      }
    }
  },
  {
    "sISOCode": "EC",
    "sName": "Ecuador",
    "sCapitalCity": "Quito",
    "sPhoneCode": "593",
    "sContinentCode": "AM",
    "sCurrencyISOCode": "USD",
    "sCountryFlag": "http:\/\/www.oorsprong.org\/WebSamples.CountryInfo\/Flags\/Ecuador.jpg",
    "Languages": {
      "tLanguage": {
        "sISOCode": "es",
        "sName": "Spanish"
      }
    }
  },
  {
    "sISOCode": "EE",
    "sName": "Estonia",
    "sCapitalCity": "Tallinn",
    "sPhoneCode": "372",
    "sContinentCode": "EU",
    "sCurrencyISOCode": "EEK",
    "sCountryFlag": "http:\/\/www.oorsprong.org\/WebSamples.CountryInfo\/Flags\/Estonia.jpg",
    "Languages": {
      "tLanguage": {
        "sISOCode": "est",
        "sName": "Estonian"
      }
    }
  },
  {
    "sISOCode": "EG",
    "sName": "Egypt",
    "sCapitalCity": "Cairo",
    "sPhoneCode": "20",
    "sContinentCode": "AF",
    "sCurrencyISOCode": "EGP",
    "sCountryFlag": "http:\/\/www.oorsprong.org\/WebSamples.CountryInfo\/Flags\/Egypt.jpg",
    "Languages": {
      "tLanguage": {
        "sISOCode": "ara",
        "sName": "Arabic"
      }
    }
  },
  {
    "sISOCode": "EH",
    "sName": "Western Sahara",
    "sCapitalCity": "La\u00e2youne",
    "sPhoneCode": "212",
    "sContinentCode": "AF",
    "sCurrencyISOCode": "AED",
    "sCountryFlag": "http:\/\/www.oorsprong.org\/WebSamples.CountryInfo\/Flags\/Western_Sahara.jpg",
    "Languages": {
      "tLanguage": [
        {
          "sISOCode": "ara",
          "sName": "Arabic"
        },
        {
          "sISOCode": "es",
          "sName": "Spanish"
        }
      ]
    }
  },
  {
    "sISOCode": "ER",
    "sName": "Eritrea",
    "sCapitalCity": "Asmara",
    "sPhoneCode": "291",
    "sContinentCode": "AF",
    "sCurrencyISOCode": "ERN",
    "sCountryFlag": "http:\/\/www.oorsprong.org\/WebSamples.CountryInfo\/Flags\/Eritrea.jpg",
    "Languages": {
      "tLanguage": {
        "sISOCode": "tir",
        "sName": "Tigrinya"
      }
    }
  },
  {
    "sISOCode": "ES",
    "sName": "Spain",
    "sCapitalCity": "Madrid",
    "sPhoneCode": "34",
    "sContinentCode": "EU",
    "sCurrencyISOCode": "EUR",
    "sCountryFlag": "http:\/\/www.oorsprong.org\/WebSamples.CountryInfo\/Flags\/Spain.jpg",
    "Languages": {
      "tLanguage": {
        "sISOCode": "es",
        "sName": "Spanish"
      }
    }
  },
  {
    "sISOCode": "ET",
    "sName": "Ethiopia",
    "sCapitalCity": "Addis Ababa",
    "sPhoneCode": "251",
    "sContinentCode": "AF",
    "sCurrencyISOCode": "ETB",
    "sCountryFlag": "http:\/\/www.oorsprong.org\/WebSamples.CountryInfo\/Flags\/Ethiopia.jpg",
    "Languages": {
      "tLanguage": {
        "sISOCode": "amh",
        "sName": "Amharic"
      }
    }
  },
  {
    "sISOCode": "FI",
    "sName": "Finland",
    "sCapitalCity": "Helsinki",
    "sPhoneCode": "358",
    "sContinentCode": "EU",
    "sCurrencyISOCode": "EUR",
    "sCountryFlag": "http:\/\/www.oorsprong.org\/WebSamples.CountryInfo\/Flags\/Finland.jpg",
    "Languages": {
      "tLanguage": {
        "sISOCode": "fin",
        "sName": "Finnish"
      }
    }
  },
  {
    "sISOCode": "FJ",
    "sName": "Fiji",
    "sCapitalCity": "Suva",
    "sPhoneCode": "679",
    "sContinentCode": "OC",
    "sCurrencyISOCode": "FJD",
    "sCountryFlag": "http:\/\/www.oorsprong.org\/WebSamples.CountryInfo\/Flags\/Fiji.jpg",
    "Languages": {
      "tLanguage": {
        "sISOCode": "fij",
        "sName": "Fijian"
      }
    }
  },
  {
    "sISOCode": "FK",
    "sName": "Falkand Islands (Malvinas)",
    "sCapitalCity": "Port Stanley",
    "sPhoneCode": "500",
    "sContinentCode": "AM",
    "sCurrencyISOCode": "FKP",
    "sCountryFlag": "http:\/\/www.oorsprong.org\/WebSamples.CountryInfo\/Flags\/Falkland_Islands.Jpg",
    "Languages": {}
  },
  {
    "sISOCode": "FM",
    "sName": "Micronesia  (Federa States of)",
    "sCapitalCity": "Kolonia",
    "sPhoneCode": "691",
    "sContinentCode": "OC",
    "sCurrencyISOCode": "USD",
    "sCountryFlag": "http:\/\/www.oorsprong.org\/WebSamples.CountryInfo\/Flags\/Micrones.jpg",
    "Languages": {
      "tLanguage": {
        "sISOCode": "eng",
        "sName": "English"
      }
    }
  },
  {
    "sISOCode": "FO",
    "sName": "Faroe Islands",
    "sCapitalCity": "Torshavn",
    "sPhoneCode": "298",
    "sContinentCode": "EU",
    "sCurrencyISOCode": "DKK",
    "sCountryFlag": "http:\/\/www.oorsprong.org\/WebSamples.CountryInfo\/Flags\/Faroe_Islands.jpg",
    "Languages": {}
  },
  {
    "sISOCode": "FR",
    "sName": "France",
    "sCapitalCity": "Paris",
    "sPhoneCode": "33",
    "sContinentCode": "EU",
    "sCurrencyISOCode": "EUR",
    "sCountryFlag": "http:\/\/www.oorsprong.org\/WebSamples.CountryInfo\/Flags\/France.jpg",
    "Languages": {
      "tLanguage": {
        "sISOCode": "fr",
        "sName": "French"
      }
    }
  },
  {
    "sISOCode": "GA",
    "sName": "Gabon",
    "sCapitalCity": "Libreville",
    "sPhoneCode": "241",
    "sContinentCode": "AF",
    "sCurrencyISOCode": "XAF",
    "sCountryFlag": "http:\/\/www.oorsprong.org\/WebSamples.CountryInfo\/Flags\/Gabon.jpg",
    "Languages": {
      "tLanguage": {
        "sISOCode": "fr",
        "sName": "French"
      }
    }
  },
  {
    "sISOCode": "GB",
    "sName": "United Kingdom",
    "sCapitalCity": "London",
    "sPhoneCode": "44",
    "sContinentCode": "EU",
    "sCurrencyISOCode": "GBP",
    "sCountryFlag": "http:\/\/www.oorsprong.org\/WebSamples.CountryInfo\/Flags\/United_Kingdom.jpg",
    "Languages": {
      "tLanguage": {
        "sISOCode": "eng",
        "sName": "English"
      }
    }
  },
  {
    "sISOCode": "GD",
    "sName": "Grenada",
    "sCapitalCity": "St. George's",
    "sPhoneCode": "1",
    "sContinentCode": "AM",
    "sCurrencyISOCode": "XCD",
    "sCountryFlag": "http:\/\/www.oorsprong.org\/WebSamples.CountryInfo\/Flags\/Grenada.jpg",
    "Languages": {
      "tLanguage": {
        "sISOCode": "eng",
        "sName": "English"
      }
    }
  },
  {
    "sISOCode": "GE",
    "sName": "Georgia",
    "sCapitalCity": "Tbilisi",
    "sPhoneCode": "995",
    "sContinentCode": "AS",
    "sCurrencyISOCode": "GEL",
    "sCountryFlag": "http:\/\/www.oorsprong.org\/WebSamples.CountryInfo\/Flags\/Georgia.jpg",
    "Languages": {
      "tLanguage": {
        "sISOCode": "ka",
        "sName": "Georgian"
      }
    }
  },
  {
    "sISOCode": "GF",
    "sName": "French Guiana",
    "sCapitalCity": "Cayenne",
    "sPhoneCode": "594",
    "sContinentCode": "AM",
    "sCurrencyISOCode": "EUR",
    "sCountryFlag": "http:\/\/www.oorsprong.org\/WebSamples.CountryInfo\/Flags\/French_Guiana.jpg",
    "Languages": {}
  },
  {
    "sISOCode": "GH",
    "sName": "Ghana",
    "sCapitalCity": "Accra",
    "sPhoneCode": "233",
    "sContinentCode": "AF",
    "sCurrencyISOCode": "GHC",
    "sCountryFlag": "http:\/\/www.oorsprong.org\/WebSamples.CountryInfo\/Flags\/Ghana.jpg",
    "Languages": {
      "tLanguage": {
        "sISOCode": "eng",
        "sName": "English"
      }
    }
  },
  {
    "sISOCode": "GI",
    "sName": "Gibraltar",
    "sCapitalCity": "Gibraltar",
    "sPhoneCode": "350",
    "sContinentCode": "EU",
    "sCurrencyISOCode": "GIP",
    "sCountryFlag": "http:\/\/www.oorsprong.org\/WebSamples.CountryInfo\/Flags\/Gibraltar.jpg",
    "Languages": {}
  },
  {
    "sISOCode": "GL",
    "sName": "Greenland",
    "sCapitalCity": "Nuuk",
    "sPhoneCode": "299",
    "sContinentCode": "EU",
    "sCurrencyISOCode": "DKK",
    "sCountryFlag": "http:\/\/www.oorsprong.org\/WebSamples.CountryInfo\/Flags\/Greenland.jpg",
    "Languages": {}
  },
  {
    "sISOCode": "GM",
    "sName": "Gambia",
    "sCapitalCity": "Banjul",
    "sPhoneCode": "220",
    "sContinentCode": "AF",
    "sCurrencyISOCode": "GMD",
    "sCountryFlag": "http:\/\/www.oorsprong.org\/WebSamples.CountryInfo\/Flags\/Gambia.jpg",
    "Languages": {
      "tLanguage": {
        "sISOCode": "eng",
        "sName": "English"
      }
    }
  },
  {
    "sISOCode": "GN",
    "sName": "Guinea",
    "sCapitalCity": "Conakry",
    "sPhoneCode": "224",
    "sContinentCode": "AF",
    "sCurrencyISOCode": "GNF",
    "sCountryFlag": "http:\/\/www.oorsprong.org\/WebSamples.CountryInfo\/Flags\/Guinea.jpg",
    "Languages": {
      "tLanguage": {
        "sISOCode": "fr",
        "sName": "French"
      }
    }
  },
  {
    "sISOCode": "GP",
    "sName": "Guadeloupe",
    "sCapitalCity": "Basse-Terre",
    "sPhoneCode": "590",
    "sContinentCode": "AM",
    "sCurrencyISOCode": "EUR",
    "sCountryFlag": "http:\/\/www.oorsprong.org\/WebSamples.CountryInfo\/Flags\/Guadeloupe.jpg",
    "Languages": {}
  },
  {
    "sISOCode": "GQ",
    "sName": "Equatorial Guinea",
    "sCapitalCity": "Bata",
    "sPhoneCode": "240",
    "sContinentCode": "AF",
    "sCurrencyISOCode": "XAF",
    "sCountryFlag": "http:\/\/www.oorsprong.org\/WebSamples.CountryInfo\/Flags\/Equatorial_Guinea.jpg",
    "Languages": {}
  },
  {
    "sISOCode": "GR",
    "sName": "Greece",
    "sCapitalCity": "Athens",
    "sPhoneCode": "30",
    "sContinentCode": "EU",
    "sCurrencyISOCode": "EUR",
    "sCountryFlag": "http:\/\/www.oorsprong.org\/WebSamples.CountryInfo\/Flags\/Greece.jpg",
    "Languages": {
      "tLanguage": {
        "sISOCode": "el",
        "sName": "Greek, Modern (1453-)"
      }
    }
  },
  {
    "sISOCode": "GS",
    "sName": "South Georgia & South Sandwich Islands",
    "sCapitalCity": "Grytviken",
    "sPhoneCode": "0",
    "sContinentCode": "AM",
    "sCurrencyISOCode": "GBP",
    "sCountryFlag": "http:\/\/www.oorsprong.org\/WebSamples.CountryInfo\/Flags\/South_Georgia_And_South_Sandwich_Islands.jpg",
    "Languages": {}
  },
  {
    "sISOCode": "GT",
    "sName": "Guatemala",
    "sCapitalCity": "Guatemala",
    "sPhoneCode": "502",
    "sContinentCode": "AM",
    "sCurrencyISOCode": "GTQ",
    "sCountryFlag": "http:\/\/www.oorsprong.org\/WebSamples.CountryInfo\/Flags\/Guatemal.jpg",
    "Languages": {
      "tLanguage": {
        "sISOCode": "es",
        "sName": "Spanish"
      }
    }
  },
  {
    "sISOCode": "GU",
    "sName": "Guam",
    "sCapitalCity": "Hagatna (Agana)",
    "sPhoneCode": "671",
    "sContinentCode": "OC",
    "sCurrencyISOCode": "USD",
    "sCountryFlag": "http:\/\/www.oorsprong.org\/WebSamples.CountryInfo\/Flags\/Guam.jpg",
    "Languages": {}
  },
  {
    "sISOCode": "GW",
    "sName": "Guinea-Bissau",
    "sCapitalCity": "Bissau",
    "sPhoneCode": "225",
    "sContinentCode": "AF",
    "sCurrencyISOCode": "XOF",
    "sCountryFlag": "http:\/\/www.oorsprong.org\/WebSamples.CountryInfo\/Flags\/Guinea-B.jpg",
    "Languages": {
      "tLanguage": {
        "sISOCode": "por",
        "sName": "Portuguese"
      }
    }
  },
  {
    "sISOCode": "GY",
    "sName": "Guyana",
    "sCapitalCity": "Georgetown",
    "sPhoneCode": "592",
    "sContinentCode": "AM",
    "sCurrencyISOCode": "GYD",
    "sCountryFlag": "http:\/\/www.oorsprong.org\/WebSamples.CountryInfo\/Flags\/Guyana.jpg",
    "Languages": {
      "tLanguage": {
        "sISOCode": "eng",
        "sName": "English"
      }
    }
  },
  {
    "sISOCode": "HK",
    "sName": "Hong Kong",
    "sCapitalCity": "Hong Kong",
    "sPhoneCode": "852",
    "sContinentCode": "AS",
    "sCurrencyISOCode": "HKD",
    "sCountryFlag": "http:\/\/www.oorsprong.org\/WebSamples.CountryInfo\/Flags\/Hong_Kong.jpg",
    "Languages": {}
  },
  {
    "sISOCode": "HM",
    "sName": "Heard Island And McDonald Islands",
    "sCapitalCity": "-",
    "sPhoneCode": "0",
    "sContinentCode": "OC",
    "sCurrencyISOCode": "",
    "sCountryFlag": "http:\/\/www.oorsprong.org\/WebSamples.CountryInfo\/Flags\/Heard_Island_And_McDonald_Islands.jpg",
    "Languages": {}
  },
  {
    "sISOCode": "HN",
    "sName": "Honduras",
    "sCapitalCity": "Tegucigalpa",
    "sPhoneCode": "504",
    "sContinentCode": "AM",
    "sCurrencyISOCode": "HNL",
    "sCountryFlag": "http:\/\/www.oorsprong.org\/WebSamples.CountryInfo\/Flags\/Honduras.jpg",
    "Languages": {
      "tLanguage": {
        "sISOCode": "es",
        "sName": "Spanish"
      }
    }
  },
  {
    "sISOCode": "HR",
    "sName": "Croatia",
    "sCapitalCity": "Zagreb",
    "sPhoneCode": "385",
    "sContinentCode": "EU",
    "sCurrencyISOCode": "HRK",
    "sCountryFlag": "http:\/\/www.oorsprong.org\/WebSamples.CountryInfo\/Flags\/Croatia.jpg",
    "Languages": {
      "tLanguage": {
        "sISOCode": "scr",
        "sName": "Serbo-Croatian"
      }
    }
  },
  {
    "sISOCode": "HT",
    "sName": "Haiti",
    "sCapitalCity": "Port-Au-Prince",
    "sPhoneCode": "509",
    "sContinentCode": "AM",
    "sCurrencyISOCode": "HTG",
    "sCountryFlag": "http:\/\/www.oorsprong.org\/WebSamples.CountryInfo\/Flags\/Haiti.jpg",
    "Languages": {
      "tLanguage": {
        "sISOCode": "fr",
        "sName": "French"
      }
    }
  },
  {
    "sISOCode": "HU",
    "sName": "Hungary",
    "sCapitalCity": "Budapest",
    "sPhoneCode": "36",
    "sContinentCode": "EU",
    "sCurrencyISOCode": "HUF",
    "sCountryFlag": "http:\/\/www.oorsprong.org\/WebSamples.CountryInfo\/Flags\/Hungary.jpg",
    "Languages": {
      "tLanguage": {
        "sISOCode": "hun",
        "sName": "Hungarian"
      }
    }
  },
  {
    "sISOCode": "ID",
    "sName": "Indonesia",
    "sCapitalCity": "Jakarta",
    "sPhoneCode": "62",
    "sContinentCode": "AS",
    "sCurrencyISOCode": "IDR",
    "sCountryFlag": "http:\/\/www.oorsprong.org\/WebSamples.CountryInfo\/Flags\/Indonesi.jpg",
    "Languages": {
      "tLanguage": {
        "sISOCode": "ind",
        "sName": "Indonesian"
      }
    }
  },
  {
    "sISOCode": "IE",
    "sName": "Ireland",
    "sCapitalCity": "Dublin",
    "sPhoneCode": "353",
    "sContinentCode": "EU",
    "sCurrencyISOCode": "EUR",
    "sCountryFlag": "http:\/\/www.oorsprong.org\/WebSamples.CountryInfo\/Flags\/Ireland.jpg",
    "Languages": {
      "tLanguage": {
        "sISOCode": "ga",
        "sName": "Irish"
      }
    }
  },
  {
    "sISOCode": "IL",
    "sName": "Israel",
    "sCapitalCity": "Jerusalem",
    "sPhoneCode": "972",
    "sContinentCode": "AS",
    "sCurrencyISOCode": "ILS",
    "sCountryFlag": "http:\/\/www.oorsprong.org\/WebSamples.CountryInfo\/Flags\/Israel.jpg",
    "Languages": {
      "tLanguage": {
        "sISOCode": "heb",
        "sName": "Hebrew"
      }
    }
  },
  {
    "sISOCode": "IN",
    "sName": "India",
    "sCapitalCity": "New Delhi",
    "sPhoneCode": "91",
    "sContinentCode": "AS",
    "sCurrencyISOCode": "INR",
    "sCountryFlag": "http:\/\/www.oorsprong.org\/WebSamples.CountryInfo\/Flags\/India.jpg",
    "Languages": {
      "tLanguage": {
        "sISOCode": "hin",
        "sName": "Hindi"
      }
    }
  },
  {
    "sISOCode": "IO",
    "sName": "British Indian Ocean Territory",
    "sCapitalCity": "Diego Garcia",
    "sPhoneCode": "246",
    "sContinentCode": "AS",
    "sCurrencyISOCode": "GBP",
    "sCountryFlag": "http:\/\/www.oorsprong.org\/WebSamples.CountryInfo\/Flags\/British_Indian_Ocean_Territory.jpg",
    "Languages": {}
  },
  {
    "sISOCode": "IQ",
    "sName": "Iraq",
    "sCapitalCity": "Baghdad",
    "sPhoneCode": "964",
    "sContinentCode": "AS",
    "sCurrencyISOCode": "IQD",
    "sCountryFlag": "http:\/\/www.oorsprong.org\/WebSamples.CountryInfo\/Flags\/Iraq.jpg",
    "Languages": {
      "tLanguage": {
        "sISOCode": "ara",
        "sName": "Arabic"
      }
    }
  },
  {
    "sISOCode": "IR",
    "sName": "Iran",
    "sCapitalCity": "Tehran",
    "sPhoneCode": "98",
    "sContinentCode": "AS",
    "sCurrencyISOCode": "IRR",
    "sCountryFlag": "http:\/\/www.oorsprong.org\/WebSamples.CountryInfo\/Flags\/Iran.jpg",
    "Languages": {
      "tLanguage": {
        "sISOCode": "fa",
        "sName": "Persian"
      }
    }
  },
  {
    "sISOCode": "IS",
    "sName": "Iceland",
    "sCapitalCity": "Reykjavik",
    "sPhoneCode": "354",
    "sContinentCode": "EU",
    "sCurrencyISOCode": "ISK",
    "sCountryFlag": "http:\/\/www.oorsprong.org\/WebSamples.CountryInfo\/Flags\/Iceland.jpg",
    "Languages": {
      "tLanguage": {
        "sISOCode": "is",
        "sName": "Icelandic"
      }
    }
  },
  {
    "sISOCode": "IT",
    "sName": "Italy",
    "sCapitalCity": "Rome",
    "sPhoneCode": "39",
    "sContinentCode": "EU",
    "sCurrencyISOCode": "EUR",
    "sCountryFlag": "http:\/\/www.oorsprong.org\/WebSamples.CountryInfo\/Flags\/Italy.jpg",
    "Languages": {
      "tLanguage": {
        "sISOCode": "ita",
        "sName": "Italian"
      }
    }
  },
  {
    "sISOCode": "JM",
    "sName": "Jamaica",
    "sCapitalCity": "Kingston",
    "sPhoneCode": "1",
    "sContinentCode": "AM",
    "sCurrencyISOCode": "JMD",
    "sCountryFlag": "http:\/\/www.oorsprong.org\/WebSamples.CountryInfo\/Flags\/Jamaica.jpg",
    "Languages": {
      "tLanguage": {
        "sISOCode": "eng",
        "sName": "English"
      }
    }
  },
  {
    "sISOCode": "JO",
    "sName": "Jordan",
    "sCapitalCity": "Amman",
    "sPhoneCode": "962",
    "sContinentCode": "AS",
    "sCurrencyISOCode": "JOD",
    "sCountryFlag": "http:\/\/www.oorsprong.org\/WebSamples.CountryInfo\/Flags\/Jordan.jpg",
    "Languages": {
      "tLanguage": {
        "sISOCode": "ara",
        "sName": "Arabic"
      }
    }
  },
  {
    "sISOCode": "JP",
    "sName": "Japan",
    "sCapitalCity": "Tokyo",
    "sPhoneCode": "81",
    "sContinentCode": "AS",
    "sCurrencyISOCode": "JPY",
    "sCountryFlag": "http:\/\/www.oorsprong.org\/WebSamples.CountryInfo\/Flags\/Japan.jpg",
    "Languages": {
      "tLanguage": {
        "sISOCode": "jpn",
        "sName": "Japanese"
      }
    }
  },
  {
    "sISOCode": "KE",
    "sName": "Kenya",
    "sCapitalCity": "Nairobi",
    "sPhoneCode": "254",
    "sContinentCode": "AF",
    "sCurrencyISOCode": "KES",
    "sCountryFlag": "http:\/\/www.oorsprong.org\/WebSamples.CountryInfo\/Flags\/Kenya.jpg",
    "Languages": {
      "tLanguage": {
        "sISOCode": "swa",
        "sName": "Swahili"
      }
    }
  },
  {
    "sISOCode": "KG",
    "sName": "Kyrgyzstan",
    "sCapitalCity": "Bishkek",
    "sPhoneCode": "996",
    "sContinentCode": "AS",
    "sCurrencyISOCode": "KGS",
    "sCountryFlag": "http:\/\/www.oorsprong.org\/WebSamples.CountryInfo\/Flags\/Kyrgyzst.jpg",
    "Languages": {
      "tLanguage": {
        "sISOCode": "kir",
        "sName": "Kirghiz"
      }
    }
  },
  {
    "sISOCode": "KH",
    "sName": "Cambodia",
    "sCapitalCity": "Phnom Penh",
    "sPhoneCode": "855",
    "sContinentCode": "AS",
    "sCurrencyISOCode": "KHR",
    "sCountryFlag": "http:\/\/www.oorsprong.org\/WebSamples.CountryInfo\/Flags\/Cambodia.jpg",
    "Languages": {
      "tLanguage": {
        "sISOCode": "khm",
        "sName": "Khmer"
      }
    }
  },
  {
    "sISOCode": "KI",
    "sName": "Kiribati",
    "sCapitalCity": "Tarawa",
    "sPhoneCode": "686",
    "sContinentCode": "OC",
    "sCurrencyISOCode": "AUD",
    "sCountryFlag": "http:\/\/www.oorsprong.org\/WebSamples.CountryInfo\/Flags\/Kiribati.jpg",
    "Languages": {
      "tLanguage": {
        "sISOCode": "eng",
        "sName": "English"
      }
    }
  },
  {
    "sISOCode": "KM",
    "sName": "Comoros",
    "sCapitalCity": "Moroni",
    "sPhoneCode": "269",
    "sContinentCode": "AF",
    "sCurrencyISOCode": "KMF",
    "sCountryFlag": "http:\/\/www.oorsprong.org\/WebSamples.CountryInfo\/Flags\/Comoros.jpg",
    "Languages": {
      "tLanguage": {
        "sISOCode": "swa",
        "sName": "Swahili"
      }
    }
  },
  {
    "sISOCode": "KN",
    "sName": "St. Kitts & Nevis",
    "sCapitalCity": "Basseterre",
    "sPhoneCode": "1",
    "sContinentCode": "AM",
    "sCurrencyISOCode": "XCD",
    "sCountryFlag": "http:\/\/www.oorsprong.org\/WebSamples.CountryInfo\/Flags\/St._Kitts_Nevis.jpg",
    "Languages": {
      "tLanguage": {
        "sISOCode": "eng",
        "sName": "English"
      }
    }
  },
  {
    "sISOCode": "KP",
    "sName": "North Korea",
    "sCapitalCity": "Pyongyang",
    "sPhoneCode": "850",
    "sContinentCode": "AS",
    "sCurrencyISOCode": "KPW",
    "sCountryFlag": "http:\/\/www.oorsprong.org\/WebSamples.CountryInfo\/Flags\/North_Korea.jpg",
    "Languages": {
      "tLanguage": {
        "sISOCode": "kor",
        "sName": "Korean"
      }
    }
  },
  {
    "sISOCode": "KR",
    "sName": "South Korea",
    "sCapitalCity": "Seoul",
    "sPhoneCode": "82",
    "sContinentCode": "AS",
    "sCurrencyISOCode": "KRW",
    "sCountryFlag": "http:\/\/www.oorsprong.org\/WebSamples.CountryInfo\/Flags\/South_Korea.jpg",
    "Languages": {
      "tLanguage": {
        "sISOCode": "kor",
        "sName": "Korean"
      }
    }
  },
  {
    "sISOCode": "KW",
    "sName": "Kuwait",
    "sCapitalCity": "Kuwait",
    "sPhoneCode": "965",
    "sContinentCode": "AS",
    "sCurrencyISOCode": "KWD",
    "sCountryFlag": "http:\/\/www.oorsprong.org\/WebSamples.CountryInfo\/Flags\/Kuwait.jpg",
    "Languages": {
      "tLanguage": {
        "sISOCode": "ara",
        "sName": "Arabic"
      }
    }
  },
  {
    "sISOCode": "KY",
    "sName": "Cayman Islands",
    "sCapitalCity": "George Town",
    "sPhoneCode": "345",
    "sContinentCode": "AM",
    "sCurrencyISOCode": "KYD",
    "sCountryFlag": "http:\/\/www.oorsprong.org\/WebSamples.CountryInfo\/Flags\/Cayman_Islands.jpg",
    "Languages": {}
  },
  {
    "sISOCode": "KZ",
    "sName": "Kazakhstan",
    "sCapitalCity": "Almaty",
    "sPhoneCode": "7",
    "sContinentCode": "AS",
    "sCurrencyISOCode": "KZT",
    "sCountryFlag": "http:\/\/www.oorsprong.org\/WebSamples.CountryInfo\/Flags\/Kazakhst.jpg",
    "Languages": {
      "tLanguage": {
        "sISOCode": "kaz",
        "sName": "Kazakh"
      }
    }
  },
  {
    "sISOCode": "LA",
    "sName": "Laos",
    "sCapitalCity": "Vientiane",
    "sPhoneCode": "856",
    "sContinentCode": "AS",
    "sCurrencyISOCode": "LAK",
    "sCountryFlag": "http:\/\/www.oorsprong.org\/WebSamples.CountryInfo\/Flags\/Laos.jpg",
    "Languages": {
      "tLanguage": {
        "sISOCode": "lao",
        "sName": "Lao"
      }
    }
  },
  {
    "sISOCode": "LB",
    "sName": "Lebanon",
    "sCapitalCity": "Beirut",
    "sPhoneCode": "961",
    "sContinentCode": "AS",
    "sCurrencyISOCode": "LBP",
    "sCountryFlag": "http:\/\/www.oorsprong.org\/WebSamples.CountryInfo\/Flags\/Lebanon.jpg",
    "Languages": {
      "tLanguage": {
        "sISOCode": "ara",
        "sName": "Arabic"
      }
    }
  },
  {
    "sISOCode": "LC",
    "sName": "St. Lucia",
    "sCapitalCity": "Castries",
    "sPhoneCode": "1",
    "sContinentCode": "AM",
    "sCurrencyISOCode": "XCD",
    "sCountryFlag": "http:\/\/www.oorsprong.org\/WebSamples.CountryInfo\/Flags\/St._Lucia.jpg",
    "Languages": {
      "tLanguage": {
        "sISOCode": "eng",
        "sName": "English"
      }
    }
  },
  {
    "sISOCode": "LI",
    "sName": "Liechtenstein",
    "sCapitalCity": "Vaduz",
    "sPhoneCode": "423",
    "sContinentCode": "EU",
    "sCurrencyISOCode": "CHF",
    "sCountryFlag": "http:\/\/www.oorsprong.org\/WebSamples.CountryInfo\/Flags\/Liechten.jpg",
    "Languages": {
      "tLanguage": {
        "sISOCode": "de",
        "sName": "German"
      }
    }
  },
  {
    "sISOCode": "LK",
    "sName": "Sri Lanka",
    "sCapitalCity": "Colombo",
    "sPhoneCode": "94",
    "sContinentCode": "AS",
    "sCurrencyISOCode": "LKR",
    "sCountryFlag": "http:\/\/www.oorsprong.org\/WebSamples.CountryInfo\/Flags\/Sri_Lanka.jpg",
    "Languages": {
      "tLanguage": {
        "sISOCode": "sin",
        "sName": "Singhalese"
      }
    }
  },
  {
    "sISOCode": "LR",
    "sName": "Liberia",
    "sCapitalCity": "Monrovia",
    "sPhoneCode": "231",
    "sContinentCode": "AF",
    "sCurrencyISOCode": "LRD",
    "sCountryFlag": "http:\/\/www.oorsprong.org\/WebSamples.CountryInfo\/Flags\/Liberia.jpg",
    "Languages": {
      "tLanguage": {
        "sISOCode": "eng",
        "sName": "English"
      }
    }
  },
  {
    "sISOCode": "LS",
    "sName": "Lesotho",
    "sCapitalCity": "Masera",
    "sPhoneCode": "266",
    "sContinentCode": "AF",
    "sCurrencyISOCode": "LSL",
    "sCountryFlag": "http:\/\/www.oorsprong.org\/WebSamples.CountryInfo\/Flags\/Lesotho.jpg",
    "Languages": {
      "tLanguage": {
        "sISOCode": "st",
        "sName": "Sesotho"
      }
    }
  },
  {
    "sISOCode": "LT",
    "sName": "Lithuania",
    "sCapitalCity": "Vilnius",
    "sPhoneCode": "370",
    "sContinentCode": "EU",
    "sCurrencyISOCode": "LTL",
    "sCountryFlag": "http:\/\/www.oorsprong.org\/WebSamples.CountryInfo\/Flags\/Lithuania.jpg",
    "Languages": {
      "tLanguage": {
        "sISOCode": "lit",
        "sName": "Lithuanian"
      }
    }
  },
  {
    "sISOCode": "LU",
    "sName": "Luxembourg",
    "sCapitalCity": "Luxembourg",
    "sPhoneCode": "352",
    "sContinentCode": "EU",
    "sCurrencyISOCode": "EUR",
    "sCountryFlag": "http:\/\/www.oorsprong.org\/WebSamples.CountryInfo\/Flags\/Luxembourg.jpg",
    "Languages": {
      "tLanguage": {
        "sISOCode": "ltz",
        "sName": "Letzeburgesch"
      }
    }
  },
  {
    "sISOCode": "LV",
    "sName": "Latvia",
    "sCapitalCity": "Riga",
    "sPhoneCode": "371",
    "sContinentCode": "EU",
    "sCurrencyISOCode": "LVL",
    "sCountryFlag": "http:\/\/www.oorsprong.org\/WebSamples.CountryInfo\/Flags\/Latvia.jpg",
    "Languages": {
      "tLanguage": {
        "sISOCode": "lav",
        "sName": "Latvian"
      }
    }
  },
  {
    "sISOCode": "LY",
    "sName": "Libyan Arab Jamahiriya",
    "sCapitalCity": "Tripoli",
    "sPhoneCode": "218",
    "sContinentCode": "AF",
    "sCurrencyISOCode": "LYD",
    "sCountryFlag": "http:\/\/www.oorsprong.org\/WebSamples.CountryInfo\/Flags\/Libyan.jpg",
    "Languages": {
      "tLanguage": {
        "sISOCode": "ara",
        "sName": "Arabic"
      }
    }
  },
  {
    "sISOCode": "MA",
    "sName": "Morocco",
    "sCapitalCity": "Rabat",
    "sPhoneCode": "212",
    "sContinentCode": "AF",
    "sCurrencyISOCode": "MAD",
    "sCountryFlag": "http:\/\/www.oorsprong.org\/WebSamples.CountryInfo\/Flags\/Morocco.jpg",
    "Languages": {
      "tLanguage": {
        "sISOCode": "ara",
        "sName": "Arabic"
      }
    }
  },
  {
    "sISOCode": "MC",
    "sName": "Monaco",
    "sCapitalCity": "Monaco",
    "sPhoneCode": "377",
    "sContinentCode": "EU",
    "sCurrencyISOCode": "EUR",
    "sCountryFlag": "http:\/\/www.oorsprong.org\/WebSamples.CountryInfo\/Flags\/Monaco.jpg",
    "Languages": {
      "tLanguage": {
        "sISOCode": "fr",
        "sName": "French"
      }
    }
  },
  {
    "sISOCode": "MD",
    "sName": "Moldova, Republic of",
    "sCapitalCity": "Kishinev",
    "sPhoneCode": "373",
    "sContinentCode": "EU",
    "sCurrencyISOCode": "MDL",
    "sCountryFlag": "http:\/\/www.oorsprong.org\/WebSamples.CountryInfo\/Flags\/Moldova.jpg",
    "Languages": {
      "tLanguage": {
        "sISOCode": "ro",
        "sName": "Romanian"
      }
    }
  },
  {
    "sISOCode": "ME",
    "sName": "Montenegro",
    "sCapitalCity": "Podgorica",
    "sPhoneCode": "382",
    "sContinentCode": "EU",
    "sCurrencyISOCode": "EUR",
    "sCountryFlag": "http:\/\/www.oorsprong.org\/WebSamples.CountryInfo\/Flags\/Montenegro.png",
    "Languages": {
      "tLanguage": {
        "sISOCode": "cnr",
        "sName": "Montenegrin"
      }
    }
  },
  {
    "sISOCode": "MF",
    "sName": "Collectivity of Saint Martin",
    "sCapitalCity": "Marigot",
    "sPhoneCode": "590",
    "sContinentCode": "AM",
    "sCurrencyISOCode": "EUR",
    "sCountryFlag": "http:\/\/www.oorsprong.org\/WebSamples.CountryInfo\/Flags\/France.jpg",
    "Languages": {
      "tLanguage": {
        "sISOCode": "fr",
        "sName": "French"
      }
    }
  },
  {
    "sISOCode": "MG",
    "sName": "Madagascar",
    "sCapitalCity": "Antananarivo",
    "sPhoneCode": "261",
    "sContinentCode": "AF",
    "sCurrencyISOCode": "MGA",
    "sCountryFlag": "http:\/\/www.oorsprong.org\/WebSamples.CountryInfo\/Flags\/Madagascar.jpg",
    "Languages": {
      "tLanguage": {
        "sISOCode": "mlg",
        "sName": "Malagasy"
      }
    }
  },
  {
    "sISOCode": "MH",
    "sName": "Marshall Islands",
    "sCapitalCity": "Majuro",
    "sPhoneCode": "692",
    "sContinentCode": "OC",
    "sCurrencyISOCode": "USD",
    "sCountryFlag": "http:\/\/www.oorsprong.org\/WebSamples.CountryInfo\/Flags\/Marshall.jpg",
    "Languages": {
      "tLanguage": {
        "sISOCode": "eng",
        "sName": "English"
      }
    }
  },
  {
    "sISOCode": "MK",
    "sName": "Macedonia  (former YR)",
    "sCapitalCity": "Skopje",
    "sPhoneCode": "389",
    "sContinentCode": "EU",
    "sCurrencyISOCode": "MKD",
    "sCountryFlag": "http:\/\/www.oorsprong.org\/WebSamples.CountryInfo\/Flags\/Macedoni.jpg",
    "Languages": {
      "tLanguage": {
        "sISOCode": "mk",
        "sName": "Macedonian"
      }
    }
  },
  {
    "sISOCode": "ML",
    "sName": "Mali",
    "sCapitalCity": "Bamako",
    "sPhoneCode": "223",
    "sContinentCode": "AF",
    "sCurrencyISOCode": "XOF",
    "sCountryFlag": "http:\/\/www.oorsprong.org\/WebSamples.CountryInfo\/Flags\/Mali.jpg",
    "Languages": {
      "tLanguage": {
        "sISOCode": "fr",
        "sName": "French"
      }
    }
  },
  {
    "sISOCode": "MM",
    "sName": "Myanmar (Burma)",
    "sCapitalCity": "Rangoon",
    "sPhoneCode": "95",
    "sContinentCode": "AS",
    "sCurrencyISOCode": "MMK",
    "sCountryFlag": "http:\/\/www.oorsprong.org\/WebSamples.CountryInfo\/Flags\/Myanmar.jpg",
    "Languages": {
      "tLanguage": {
        "sISOCode": "my",
        "sName": "Burmese"
      }
    }
  },
  {
    "sISOCode": "MN",
    "sName": "Mongolia",
    "sCapitalCity": "Ulan Bator",
    "sPhoneCode": "976",
    "sContinentCode": "AS",
    "sCurrencyISOCode": "MNT",
    "sCountryFlag": "http:\/\/www.oorsprong.org\/WebSamples.CountryInfo\/Flags\/Mongolia.jpg",
    "Languages": {
      "tLanguage": {
        "sISOCode": "mon",
        "sName": "Mongolian"
      }
    }
  },
  {
    "sISOCode": "MO",
    "sName": "Macao",
    "sCapitalCity": "Macao",
    "sPhoneCode": "853",
    "sContinentCode": "AS",
    "sCurrencyISOCode": "MOP",
    "sCountryFlag": "http:\/\/www.oorsprong.org\/WebSamples.CountryInfo\/Flags\/Macao.jpg",
    "Languages": {}
  },
  {
    "sISOCode": "MP",
    "sName": "Northern Mariana Islands",
    "sCapitalCity": "Saipan",
    "sPhoneCode": "670",
    "sContinentCode": "OC",
    "sCurrencyISOCode": "USD",
    "sCountryFlag": "http:\/\/www.oorsprong.org\/WebSamples.CountryInfo\/Flags\/Northern_Mariana_Islands.jpg",
    "Languages": {}
  },
  {
    "sISOCode": "MQ",
    "sName": "Martinique",
    "sCapitalCity": "Fort-de-France",
    "sPhoneCode": "596",
    "sContinentCode": "AM",
    "sCurrencyISOCode": "EUR",
    "sCountryFlag": "http:\/\/www.oorsprong.org\/WebSamples.CountryInfo\/Flags\/Martinique.jpg",
    "Languages": {}
  },
  {
    "sISOCode": "MR",
    "sName": "Mauritania",
    "sCapitalCity": "Novakchott",
    "sPhoneCode": "222",
    "sContinentCode": "AF",
    "sCurrencyISOCode": "MRO",
    "sCountryFlag": "http:\/\/www.oorsprong.org\/WebSamples.CountryInfo\/Flags\/Mauritan.jpg",
    "Languages": {
      "tLanguage": {
        "sISOCode": "fr",
        "sName": "French"
      }
    }
  },
  {
    "sISOCode": "MS",
    "sName": "Montserrat",
    "sCapitalCity": "Plymouth",
    "sPhoneCode": "664",
    "sContinentCode": "AM",
    "sCurrencyISOCode": "XCD",
    "sCountryFlag": "http:\/\/www.oorsprong.org\/WebSamples.CountryInfo\/Flags\/Montserrat.jpg",
    "Languages": {}
  },
  {
    "sISOCode": "MT",
    "sName": "Malta",
    "sCapitalCity": "Valetta",
    "sPhoneCode": "356",
    "sContinentCode": "EU",
    "sCurrencyISOCode": "MTL",
    "sCountryFlag": "http:\/\/www.oorsprong.org\/WebSamples.CountryInfo\/Flags\/Malta.jpg",
    "Languages": {
      "tLanguage": {
        "sISOCode": "mlt",
        "sName": "Maltese"
      }
    }
  },
  {
    "sISOCode": "MU",
    "sName": "Mauritius",
    "sCapitalCity": "Port Louis",
    "sPhoneCode": "230",
    "sContinentCode": "AF",
    "sCurrencyISOCode": "MUR",
    "sCountryFlag": "http:\/\/www.oorsprong.org\/WebSamples.CountryInfo\/Flags\/Mauritiu.jpg",
    "Languages": {
      "tLanguage": {
        "sISOCode": "eng",
        "sName": "English"
      }
    }
  },
  {
    "sISOCode": "MV",
    "sName": "Maldives (Maladive Ilands)",
    "sCapitalCity": "Male",
    "sPhoneCode": "960",
    "sContinentCode": "AS",
    "sCurrencyISOCode": "MVR",
    "sCountryFlag": "http:\/\/www.oorsprong.org\/WebSamples.CountryInfo\/Flags\/Maldives.jpg",
    "Languages": {
      "tLanguage": {
        "sISOCode": "div",
        "sName": "Divehi"
      }
    }
  },
  {
    "sISOCode": "MW",
    "sName": "Malawi",
    "sCapitalCity": "Lilongwe",
    "sPhoneCode": "265",
    "sContinentCode": "AF",
    "sCurrencyISOCode": "MWK",
    "sCountryFlag": "http:\/\/www.oorsprong.org\/WebSamples.CountryInfo\/Flags\/Malawi.jpg",
    "Languages": {
      "tLanguage": {
        "sISOCode": "eng",
        "sName": "English"
      }
    }
  },
  {
    "sISOCode": "MX",
    "sName": "Mexico",
    "sCapitalCity": "Mexico City",
    "sPhoneCode": "52",
    "sContinentCode": "AM",
    "sCurrencyISOCode": "MXN",
    "sCountryFlag": "http:\/\/www.oorsprong.org\/WebSamples.CountryInfo\/Flags\/Mexico.jpg",
    "Languages": {
      "tLanguage": {
        "sISOCode": "es",
        "sName": "Spanish"
      }
    }
  },
  {
    "sISOCode": "MY",
    "sName": "Malaysia",
    "sCapitalCity": "Kuala Lumpur",
    "sPhoneCode": "60",
    "sContinentCode": "AS",
    "sCurrencyISOCode": "MYR",
    "sCountryFlag": "http:\/\/www.oorsprong.org\/WebSamples.CountryInfo\/Flags\/Malaysia.jpg",
    "Languages": {
      "tLanguage": {
        "sISOCode": "ms",
        "sName": "Malay"
      }
    }
  },
  {
    "sISOCode": "MZ",
    "sName": "Mozambique",
    "sCapitalCity": "Maputo",
    "sPhoneCode": "258",
    "sContinentCode": "AF",
    "sCurrencyISOCode": "MZM",
    "sCountryFlag": "http:\/\/www.oorsprong.org\/WebSamples.CountryInfo\/Flags\/Mozambiq.jpg",
    "Languages": {
      "tLanguage": {
        "sISOCode": "por",
        "sName": "Portuguese"
      }
    }
  },
  {
    "sISOCode": "NA",
    "sName": "Namibia",
    "sCapitalCity": "Windhoek",
    "sPhoneCode": "264",
    "sContinentCode": "AF",
    "sCurrencyISOCode": "NAD",
    "sCountryFlag": "http:\/\/www.oorsprong.org\/WebSamples.CountryInfo\/Flags\/Namibia.jpg",
    "Languages": {
      "tLanguage": {
        "sISOCode": "afr",
        "sName": "Afrikaans"
      }
    }
  },
  {
    "sISOCode": "NC",
    "sName": "New Caledonia",
    "sCapitalCity": "Noum\u00e9a",
    "sPhoneCode": "687",
    "sContinentCode": "OC",
    "sCurrencyISOCode": "XPF",
    "sCountryFlag": "http:\/\/www.oorsprong.org\/WebSamples.CountryInfo\/Flags\/New_Caledonia.jpg",
    "Languages": {}
  },
  {
    "sISOCode": "NE",
    "sName": "Niger",
    "sCapitalCity": "Niamey",
    "sPhoneCode": "227",
    "sContinentCode": "AF",
    "sCurrencyISOCode": "XOF",
    "sCountryFlag": "http:\/\/www.oorsprong.org\/WebSamples.CountryInfo\/Flags\/Niger.jpg",
    "Languages": {
      "tLanguage": {
        "sISOCode": "fr",
        "sName": "French"
      }
    }
  },
  {
    "sISOCode": "NF",
    "sName": "Norfolk Island",
    "sCapitalCity": "Kingston",
    "sPhoneCode": "672",
    "sContinentCode": "OC",
    "sCurrencyISOCode": "AUD",
    "sCountryFlag": "http:\/\/www.oorsprong.org\/WebSamples.CountryInfo\/Flags\/Norfolk_Island.jpg",
    "Languages": {}
  },
  {
    "sISOCode": "NG",
    "sName": "Nigeria",
    "sCapitalCity": "Abuja",
    "sPhoneCode": "234",
    "sContinentCode": "AF",
    "sCurrencyISOCode": "NGN",
    "sCountryFlag": "http:\/\/www.oorsprong.org\/WebSamples.CountryInfo\/Flags\/Nigeria.jpg",
    "Languages": {
      "tLanguage": [
        {
          "sISOCode": "eng",
          "sName": "English"
        },
        {
          "sISOCode": "hau",
          "sName": "Hausa"
        },
        {
          "sISOCode": "ibo",
          "sName": "Igbo"
        },
        {
          "sISOCode": "yor",
          "sName": "Yoruba"
        }
      ]
    }
  },
  {
    "sISOCode": "NI",
    "sName": "Nicaragua",
    "sCapitalCity": "Managua",
    "sPhoneCode": "234",
    "sContinentCode": "AM",
    "sCurrencyISOCode": "NIO",
    "sCountryFlag": "http:\/\/www.oorsprong.org\/WebSamples.CountryInfo\/Flags\/Nicaragua.jpg",
    "Languages": {
      "tLanguage": {
        "sISOCode": "es",
        "sName": "Spanish"
      }
    }
  },
  {
    "sISOCode": "NL",
    "sName": "Netherlands",
    "sCapitalCity": "Amsterdam",
    "sPhoneCode": "31",
    "sContinentCode": "EU",
    "sCurrencyISOCode": "EUR",
    "sCountryFlag": "http:\/\/www.oorsprong.org\/WebSamples.CountryInfo\/Flags\/Netherlands.jpg",
    "Languages": {
      "tLanguage": [
        {
          "sISOCode": "fry",
          "sName": "Frisian"
        },
        {
          "sISOCode": "nl",
          "sName": "Dutch"
        }
      ]
    }
  },
  {
    "sISOCode": "NO",
    "sName": "Norway",
    "sCapitalCity": "Oslo",
    "sPhoneCode": "47",
    "sContinentCode": "EU",
    "sCurrencyISOCode": "NOK",
    "sCountryFlag": "http:\/\/www.oorsprong.org\/WebSamples.CountryInfo\/Flags\/Norway.jpg",
    "Languages": {
      "tLanguage": {
        "sISOCode": "nor",
        "sName": "Norwegian"
      }
    }
  },
  {
    "sISOCode": "NP",
    "sName": "Nepal",
    "sCapitalCity": "Katmandu",
    "sPhoneCode": "977",
    "sContinentCode": "AS",
    "sCurrencyISOCode": "NPR",
    "sCountryFlag": "http:\/\/www.oorsprong.org\/WebSamples.CountryInfo\/Flags\/Nepal.jpg",
    "Languages": {
      "tLanguage": {
        "sISOCode": "nep",
        "sName": "Nepali"
      }
    }
  },
  {
    "sISOCode": "NR",
    "sName": "Nauru",
    "sCapitalCity": "Nauru",
    "sPhoneCode": "674",
    "sContinentCode": "OC",
    "sCurrencyISOCode": "AUD",
    "sCountryFlag": "http:\/\/www.oorsprong.org\/WebSamples.CountryInfo\/Flags\/Nauru.jpg",
    "Languages": {
      "tLanguage": {
        "sISOCode": "nau",
        "sName": "Nauru"
      }
    }
  },
  {
    "sISOCode": "NU",
    "sName": "Niue",
    "sCapitalCity": "Alofi",
    "sPhoneCode": "683",
    "sContinentCode": "OC",
    "sCurrencyISOCode": "NZD",
    "sCountryFlag": "http:\/\/www.oorsprong.org\/WebSamples.CountryInfo\/Flags\/Niue.jpg",
    "Languages": {}
  },
  {
    "sISOCode": "NZ",
    "sName": "New Zealand",
    "sCapitalCity": "Wellington",
    "sPhoneCode": "64",
    "sContinentCode": "OC",
    "sCurrencyISOCode": "NZD",
    "sCountryFlag": "http:\/\/www.oorsprong.org\/WebSamples.CountryInfo\/Flags\/New_Zealand.jpg",
    "Languages": {
      "tLanguage": {
        "sISOCode": "eng",
        "sName": "English"
      }
    }
  },
  {
    "sISOCode": "OM",
    "sName": "Oman",
    "sCapitalCity": "Muscat",
    "sPhoneCode": "968",
    "sContinentCode": "AS",
    "sCurrencyISOCode": "OMR",
    "sCountryFlag": "http:\/\/www.oorsprong.org\/WebSamples.CountryInfo\/Flags\/Oman.jpg",
    "Languages": {
      "tLanguage": {
        "sISOCode": "ara",
        "sName": "Arabic"
      }
    }
  },
  {
    "sISOCode": "PA",
    "sName": "Panama",
    "sCapitalCity": "Panama",
    "sPhoneCode": "507",
    "sContinentCode": "AM",
    "sCurrencyISOCode": "PAB",
    "sCountryFlag": "http:\/\/www.oorsprong.org\/WebSamples.CountryInfo\/Flags\/Panama.jpg",
    "Languages": {
      "tLanguage": {
        "sISOCode": "es",
        "sName": "Spanish"
      }
    }
  },
  {
    "sISOCode": "PE",
    "sName": "Peru",
    "sCapitalCity": "Lima",
    "sPhoneCode": "51",
    "sContinentCode": "AM",
    "sCurrencyISOCode": "PEN",
    "sCountryFlag": "http:\/\/www.oorsprong.org\/WebSamples.CountryInfo\/Flags\/Peru.jpg",
    "Languages": {
      "tLanguage": {
        "sISOCode": "es",
        "sName": "Spanish"
      }
    }
  },
  {
    "sISOCode": "PF",
    "sName": "French Polynesia",
    "sCapitalCity": "Papeete",
    "sPhoneCode": "687",
    "sContinentCode": "OC",
    "sCurrencyISOCode": "XPF",
    "sCountryFlag": "http:\/\/www.oorsprong.org\/WebSamples.CountryInfo\/Flags\/French_Polynesia.jpg",
    "Languages": {}
  },
  {
    "sISOCode": "PG",
    "sName": "Papua-New Guinea",
    "sCapitalCity": "Port Moresby",
    "sPhoneCode": "675",
    "sContinentCode": "OC",
    "sCurrencyISOCode": "PGK",
    "sCountryFlag": "http:\/\/www.oorsprong.org\/WebSamples.CountryInfo\/Flags\/Papua-New_Guinea.jpg",
    "Languages": {
      "tLanguage": {
        "sISOCode": "fr",
        "sName": "French"
      }
    }
  },
  {
    "sISOCode": "PH",
    "sName": "Philippines",
    "sCapitalCity": "Manila",
    "sPhoneCode": "63",
    "sContinentCode": "AS",
    "sCurrencyISOCode": "PHP",
    "sCountryFlag": "http:\/\/www.oorsprong.org\/WebSamples.CountryInfo\/Flags\/Philippi.jpg",
    "Languages": {
      "tLanguage": {
        "sISOCode": "fil",
        "sName": "Filipino"
      }
    }
  },
  {
    "sISOCode": "PK",
    "sName": "Pakistan",
    "sCapitalCity": "Islamabad",
    "sPhoneCode": "92",
    "sContinentCode": "AS",
    "sCurrencyISOCode": "PKR",
    "sCountryFlag": "http:\/\/www.oorsprong.org\/WebSamples.CountryInfo\/Flags\/Pakistan.jpg",
    "Languages": {
      "tLanguage": {
        "sISOCode": "urd",
        "sName": "Urdu"
      }
    }
  },
  {
    "sISOCode": "PL",
    "sName": "Poland",
    "sCapitalCity": "Warsaw",
    "sPhoneCode": "48",
    "sContinentCode": "EU",
    "sCurrencyISOCode": "PLN",
    "sCountryFlag": "http:\/\/www.oorsprong.org\/WebSamples.CountryInfo\/Flags\/Poland.jpg",
    "Languages": {
      "tLanguage": {
        "sISOCode": "pol",
        "sName": "Polish"
      }
    }
  },
  {
    "sISOCode": "PM",
    "sName": "Saint Pierre And Micquelon",
    "sCapitalCity": "Saint Pierre",
    "sPhoneCode": "508",
    "sContinentCode": "AM",
    "sCurrencyISOCode": "EUR",
    "sCountryFlag": "http:\/\/www.oorsprong.org\/WebSamples.CountryInfo\/Flags\/Saint_Pierre_And_Micquelon.jpg",
    "Languages": {
      "tLanguage": {
        "sISOCode": "fr",
        "sName": "French"
      }
    }
  },
  {
    "sISOCode": "PN",
    "sName": "Pitcairn",
    "sCapitalCity": "Adamstown",
    "sPhoneCode": "672",
    "sContinentCode": "OC",
    "sCurrencyISOCode": "NZD",
    "sCountryFlag": "http:\/\/www.oorsprong.org\/WebSamples.CountryInfo\/Flags\/Pitcairn.jpg",
    "Languages": {}
  },
  {
    "sISOCode": "PR",
    "sName": "Puerto Rico",
    "sCapitalCity": "San Juan",
    "sPhoneCode": "787",
    "sContinentCode": "AM",
    "sCurrencyISOCode": "USD",
    "sCountryFlag": "http:\/\/www.oorsprong.org\/WebSamples.CountryInfo\/Flags\/Puerto_Rico.jpg",
    "Languages": {
      "tLanguage": {
        "sISOCode": "es",
        "sName": "Spanish"
      }
    }
  },
  {
    "sISOCode": "PS",
    "sName": "Palestinian Territory, Occupied",
    "sCapitalCity": "East Jerusalem",
    "sPhoneCode": "970",
    "sContinentCode": "AS",
    "sCurrencyISOCode": "JMD",
    "sCountryFlag": "http:\/\/www.oorsprong.org\/WebSamples.CountryInfo\/Flags\/Palestinian_Territory.jpg",
    "Languages": {
      "tLanguage": {
        "sISOCode": "ara",
        "sName": "Arabic"
      }
    }
  },
  {
    "sISOCode": "PT",
    "sName": "Portugal",
    "sCapitalCity": "Lisbon",
    "sPhoneCode": "351",
    "sContinentCode": "EU",
    "sCurrencyISOCode": "EUR",
    "sCountryFlag": "http:\/\/www.oorsprong.org\/WebSamples.CountryInfo\/Flags\/Portugal.jpg",
    "Languages": {
      "tLanguage": {
        "sISOCode": "por",
        "sName": "Portuguese"
      }
    }
  },
  {
    "sISOCode": "PW",
    "sName": "Palau",
    "sCapitalCity": "Koror",
    "sPhoneCode": "680",
    "sContinentCode": "OC",
    "sCurrencyISOCode": "USD",
    "sCountryFlag": "http:\/\/www.oorsprong.org\/WebSamples.CountryInfo\/Flags\/Palau.jpg",
    "Languages": {
      "tLanguage": {
        "sISOCode": "eng",
        "sName": "English"
      }
    }
  },
  {
    "sISOCode": "PY",
    "sName": "Paraguay",
    "sCapitalCity": "Asuncion",
    "sPhoneCode": "595",
    "sContinentCode": "AM",
    "sCurrencyISOCode": "PYG",
    "sCountryFlag": "http:\/\/www.oorsprong.org\/WebSamples.CountryInfo\/Flags\/Paraguay.jpg",
    "Languages": {
      "tLanguage": {
        "sISOCode": "es",
        "sName": "Spanish"
      }
    }
  },
  {
    "sISOCode": "QA",
    "sName": "Quatar",
    "sCapitalCity": "Doha",
    "sPhoneCode": "974",
    "sContinentCode": "AS",
    "sCurrencyISOCode": "QAR",
    "sCountryFlag": "http:\/\/www.oorsprong.org\/WebSamples.CountryInfo\/Flags\/Quatar.jpg",
    "Languages": {
      "tLanguage": {
        "sISOCode": "ara",
        "sName": "Arabic"
      }
    }
  },
  {
    "sISOCode": "RE",
    "sName": "Reunion",
    "sCapitalCity": "Saint-Denis",
    "sPhoneCode": "262",
    "sContinentCode": "AF",
    "sCurrencyISOCode": "EUR",
    "sCountryFlag": "http:\/\/www.oorsprong.org\/WebSamples.CountryInfo\/Flags\/Reunion.jpg",
    "Languages": {
      "tLanguage": [
        {
          "sISOCode": "cpf",
          "sName": "Creoles and Pidgins, French-based (Other)"
        },
        {
          "sISOCode": "fr",
          "sName": "French"
        }
      ]
    }
  },
  {
    "sISOCode": "RO",
    "sName": "Romania",
    "sCapitalCity": "Bucharest",
    "sPhoneCode": "40",
    "sContinentCode": "EU",
    "sCurrencyISOCode": "RON",
    "sCountryFlag": "http:\/\/www.oorsprong.org\/WebSamples.CountryInfo\/Flags\/Romania.jpg",
    "Languages": {
      "tLanguage": {
        "sISOCode": "ro",
        "sName": "Romanian"
      }
    }
  },
  {
    "sISOCode": "RS",
    "sName": "Serbia",
    "sCapitalCity": "Belgrade",
    "sPhoneCode": "381",
    "sContinentCode": "EU",
    "sCurrencyISOCode": "RSD",
    "sCountryFlag": "http:\/\/www.oorsprong.org\/WebSamples.CountryInfo\/Flags\/Serbia.png",
    "Languages": {
      "tLanguage": {
        "sISOCode": "sr",
        "sName": "Serbian"
      }
    }
  },
  {
    "sISOCode": "RU",
    "sName": "Russian Federation",
    "sCapitalCity": "Moscow",
    "sPhoneCode": "7",
    "sContinentCode": "AS",
    "sCurrencyISOCode": "RUB",
    "sCountryFlag": "http:\/\/www.oorsprong.org\/WebSamples.CountryInfo\/Flags\/Russian.jpg",
    "Languages": {
      "tLanguage": {
        "sISOCode": "rus",
        "sName": "Russian"
      }
    }
  },
  {
    "sISOCode": "RW",
    "sName": "Rwanda",
    "sCapitalCity": "Kigali",
    "sPhoneCode": "250",
    "sContinentCode": "AF",
    "sCurrencyISOCode": "RWF",
    "sCountryFlag": "http:\/\/www.oorsprong.org\/WebSamples.CountryInfo\/Flags\/Rwanda.jpg",
    "Languages": {
      "tLanguage": {
        "sISOCode": "kin",
        "sName": "Kinyarwanda"
      }
    }
  },
  {
    "sISOCode": "SA",
    "sName": "Saudi Arabia",
    "sCapitalCity": "Riyadh",
    "sPhoneCode": "966",
    "sContinentCode": "AS",
    "sCurrencyISOCode": "SAR",
    "sCountryFlag": "http:\/\/www.oorsprong.org\/WebSamples.CountryInfo\/Flags\/Saudia_Arabia.jpg",
    "Languages": {
      "tLanguage": {
        "sISOCode": "ara",
        "sName": "Arabic"
      }
    }
  },
  {
    "sISOCode": "SB",
    "sName": "Solomon Islands",
    "sCapitalCity": "Honiara",
    "sPhoneCode": "677",
    "sContinentCode": "OC",
    "sCurrencyISOCode": "SBD",
    "sCountryFlag": "http:\/\/www.oorsprong.org\/WebSamples.CountryInfo\/Flags\/Solomon.jpg",
    "Languages": {
      "tLanguage": {
        "sISOCode": "eng",
        "sName": "English"
      }
    }
  },
  {
    "sISOCode": "SC",
    "sName": "Seychelles",
    "sCapitalCity": "Victoria",
    "sPhoneCode": "248",
    "sContinentCode": "AF",
    "sCurrencyISOCode": "SCR",
    "sCountryFlag": "http:\/\/www.oorsprong.org\/WebSamples.CountryInfo\/Flags\/Seychell.jpg",
    "Languages": {
      "tLanguage": {
        "sISOCode": "eng",
        "sName": "English"
      }
    }
  },
  {
    "sISOCode": "SD",
    "sName": "Sudan",
    "sCapitalCity": "Khartoum",
    "sPhoneCode": "249",
    "sContinentCode": "AF",
    "sCurrencyISOCode": "SDD",
    "sCountryFlag": "http:\/\/www.oorsprong.org\/WebSamples.CountryInfo\/Flags\/Sudan.jpg",
    "Languages": {
      "tLanguage": {
        "sISOCode": "ara",
        "sName": "Arabic"
      }
    }
  },
  {
    "sISOCode": "SE",
    "sName": "Sweden",
    "sCapitalCity": "Stockholm",
    "sPhoneCode": "46",
    "sContinentCode": "EU",
    "sCurrencyISOCode": "SEK",
    "sCountryFlag": "http:\/\/www.oorsprong.org\/WebSamples.CountryInfo\/Flags\/Sweden.jpg",
    "Languages": {
      "tLanguage": {
        "sISOCode": "sv",
        "sName": "Swedish"
      }
    }
  },
  {
    "sISOCode": "SG",
    "sName": "Singapore",
    "sCapitalCity": "Singapore",
    "sPhoneCode": "65",
    "sContinentCode": "AS",
    "sCurrencyISOCode": "SGD",
    "sCountryFlag": "http:\/\/www.oorsprong.org\/WebSamples.CountryInfo\/Flags\/Singapore.jpg",
    "Languages": {
      "tLanguage": {
        "sISOCode": "ms",
        "sName": "Malay"
      }
    }
  },
  {
    "sISOCode": "SH",
    "sName": "Saint Helena, Ascension and Tristan da Cunha",
    "sCapitalCity": "Jamestown",
    "sPhoneCode": "290",
    "sContinentCode": "AM",
    "sCurrencyISOCode": "SHP",
    "sCountryFlag": "http:\/\/www.oorsprong.org\/WebSamples.CountryInfo\/Flags\/Saint_Helena.jpg",
    "Languages": {
      "tLanguage": {
        "sISOCode": "eng",
        "sName": "English"
      }
    }
  },
  {
    "sISOCode": "SI",
    "sName": "Slovenia",
    "sCapitalCity": "Ljubljana",
    "sPhoneCode": "386",
    "sContinentCode": "EU",
    "sCurrencyISOCode": "SIT",
    "sCountryFlag": "http:\/\/www.oorsprong.org\/WebSamples.CountryInfo\/Flags\/Slovenia.jpg",
    "Languages": {
      "tLanguage": {
        "sISOCode": "sk",
        "sName": "Slovak"
      }
    }
  },
  {
    "sISOCode": "SJ",
    "sName": "Svalbard And Jan Mayen",
    "sCapitalCity": "Svalbard And Jan Mayen",
    "sPhoneCode": "790",
    "sContinentCode": "EU",
    "sCurrencyISOCode": "NOK",
    "sCountryFlag": "http:\/\/www.oorsprong.org\/WebSamples.CountryInfo\/Flags\/Svalbard_And_Jan_Mayen.jpg",
    "Languages": {
      "tLanguage": [
        {
          "sISOCode": "nor",
          "sName": "Norwegian"
        },
        {
          "sISOCode": "rus",
          "sName": "Russian"
        }
      ]
    }
  },
  {
    "sISOCode": "SK",
    "sName": "Slovakia",
    "sCapitalCity": "Bratislava",
    "sPhoneCode": "421",
    "sContinentCode": "EU",
    "sCurrencyISOCode": "SKK",
    "sCountryFlag": "http:\/\/www.oorsprong.org\/WebSamples.CountryInfo\/Flags\/Slovakia.jpg",
    "Languages": {
      "tLanguage": {
        "sISOCode": "sk",
        "sName": "Slovak"
      }
    }
  },
  {
    "sISOCode": "SL",
    "sName": "Sierra Leone",
    "sCapitalCity": "Freetown",
    "sPhoneCode": "232",
    "sContinentCode": "AF",
    "sCurrencyISOCode": "SLL",
    "sCountryFlag": "http:\/\/www.oorsprong.org\/WebSamples.CountryInfo\/Flags\/Sierra_Leone.jpg",
    "Languages": {
      "tLanguage": {
        "sISOCode": "eng",
        "sName": "English"
      }
    }
  },
  {
    "sISOCode": "SM",
    "sName": "San Marino",
    "sCapitalCity": "San Marino",
    "sPhoneCode": "378",
    "sContinentCode": "EU",
    "sCurrencyISOCode": "EUR",
    "sCountryFlag": "http:\/\/www.oorsprong.org\/WebSamples.CountryInfo\/Flags\/San_Marino.jpg",
    "Languages": {
      "tLanguage": {
        "sISOCode": "ita",
        "sName": "Italian"
      }
    }
  },
  {
    "sISOCode": "SN",
    "sName": "Senegal",
    "sCapitalCity": "Dakar",
    "sPhoneCode": "221",
    "sContinentCode": "AF",
    "sCurrencyISOCode": "XOF",
    "sCountryFlag": "http:\/\/www.oorsprong.org\/WebSamples.CountryInfo\/Flags\/Senegal.jpg",
    "Languages": {
      "tLanguage": {
        "sISOCode": "fr",
        "sName": "French"
      }
    }
  },
  {
    "sISOCode": "SO",
    "sName": "Somalia",
    "sCapitalCity": "Mogadishu",
    "sPhoneCode": "252",
    "sContinentCode": "AF",
    "sCurrencyISOCode": "SOS",
    "sCountryFlag": "http:\/\/www.oorsprong.org\/WebSamples.CountryInfo\/Flags\/Somalia.jpg",
    "Languages": {
      "tLanguage": {
        "sISOCode": "som",
        "sName": "Somali"
      }
    }
  },
  {
    "sISOCode": "SR",
    "sName": "Suriname",
    "sCapitalCity": "Paramaribo",
    "sPhoneCode": "597",
    "sContinentCode": "AM",
    "sCurrencyISOCode": "SRD",
    "sCountryFlag": "http:\/\/www.oorsprong.org\/WebSamples.CountryInfo\/Flags\/Suriname.jpg",
    "Languages": {
      "tLanguage": {
        "sISOCode": "nl",
        "sName": "Dutch"
      }
    }
  },
  {
    "sISOCode": "ST",
    "sName": "Sao Tome & Principe",
    "sCapitalCity": "Sao Tome",
    "sPhoneCode": "239",
    "sContinentCode": "AF",
    "sCurrencyISOCode": "STD",
    "sCountryFlag": "http:\/\/www.oorsprong.org\/WebSamples.CountryInfo\/Flags\/Sao_Tome.jpg",
    "Languages": {
      "tLanguage": {
        "sISOCode": "por",
        "sName": "Portuguese"
      }
    }
  },
  {
    "sISOCode": "SV",
    "sName": "El Salvador",
    "sCapitalCity": "San Salvador",
    "sPhoneCode": "503",
    "sContinentCode": "AM",
    "sCurrencyISOCode": "SVC",
    "sCountryFlag": "http:\/\/www.oorsprong.org\/WebSamples.CountryInfo\/Flags\/El_Salvador.jpg",
    "Languages": {
      "tLanguage": {
        "sISOCode": "es",
        "sName": "Spanish"
      }
    }
  },
  {
    "sISOCode": "SX",
    "sName": "Sint-Maarten",
    "sCapitalCity": "Philipsburg",
    "sPhoneCode": "1721",
    "sContinentCode": "AM",
    "sCurrencyISOCode": "ANG",
    "sCountryFlag": "http:\/\/www.oorsprong.org\/WebSamples.CountryInfo\/Flags\/Sint_Maarten.png",
    "Languages": {
      "tLanguage": [
        {
          "sISOCode": "eng",
          "sName": "English"
        },
        {
          "sISOCode": "nl",
          "sName": "Dutch"
        }
      ]
    }
  },
  {
    "sISOCode": "SY",
    "sName": "Syrian Arab Republic",
    "sCapitalCity": "Damascus",
    "sPhoneCode": "963",
    "sContinentCode": "AS",
    "sCurrencyISOCode": "SYP",
    "sCountryFlag": "http:\/\/www.oorsprong.org\/WebSamples.CountryInfo\/Flags\/Syria.jpg",
    "Languages": {
      "tLanguage": {
        "sISOCode": "ara",
        "sName": "Arabic"
      }
    }
  },
  {
    "sISOCode": "SZ",
    "sName": "Swaziland",
    "sCapitalCity": "Mbabane",
    "sPhoneCode": "269",
    "sContinentCode": "AF",
    "sCurrencyISOCode": "SZL",
    "sCountryFlag": "http:\/\/www.oorsprong.org\/WebSamples.CountryInfo\/Flags\/Swazilan.jpg",
    "Languages": {
      "tLanguage": {
        "sISOCode": "eng",
        "sName": "English"
      }
    }
  },
  {
    "sISOCode": "TC",
    "sName": "Turks And Caicos Islands",
    "sCapitalCity": "Cockburn Town, Grand Turk",
    "sPhoneCode": "649",
    "sContinentCode": "AM",
    "sCurrencyISOCode": "USD",
    "sCountryFlag": "http:\/\/www.oorsprong.org\/WebSamples.CountryInfo\/Flags\/Turks_And_Caicos_Islands.jpg",
    "Languages": {
      "tLanguage": {
        "sISOCode": "eng",
        "sName": "English"
      }
    }
  },
  {
    "sISOCode": "TD",
    "sName": "Chad",
    "sCapitalCity": "N'Djamena",
    "sPhoneCode": "235",
    "sContinentCode": "AF",
    "sCurrencyISOCode": "XAF",
    "sCountryFlag": "http:\/\/www.oorsprong.org\/WebSamples.CountryInfo\/Flags\/Chad.jpg",
    "Languages": {
      "tLanguage": {
        "sISOCode": "fr",
        "sName": "French"
      }
    }
  },
  {
    "sISOCode": "TF",
    "sName": "French Southern Territories",
    "sCapitalCity": "-",
    "sPhoneCode": "0",
    "sContinentCode": "AN",
    "sCurrencyISOCode": "EUR",
    "sCountryFlag": "http:\/\/www.oorsprong.org\/WebSamples.CountryInfo\/Flags\/French_Southern_Territories.jpg",
    "Languages": {
      "tLanguage": {
        "sISOCode": "fr",
        "sName": "French"
      }
    }
  },
  {
    "sISOCode": "TG",
    "sName": "Togo",
    "sCapitalCity": "Lome",
    "sPhoneCode": "228",
    "sContinentCode": "AF",
    "sCurrencyISOCode": "XOF",
    "sCountryFlag": "http:\/\/www.oorsprong.org\/WebSamples.CountryInfo\/Flags\/Togo.jpg",
    "Languages": {
      "tLanguage": {
        "sISOCode": "ewe",
        "sName": "Ewe"
      }
    }
  },
  {
    "sISOCode": "TH",
    "sName": "Thailand",
    "sCapitalCity": "Bangkok",
    "sPhoneCode": "66",
    "sContinentCode": "AS",
    "sCurrencyISOCode": "THB",
    "sCountryFlag": "http:\/\/www.oorsprong.org\/WebSamples.CountryInfo\/Flags\/Thailand.jpg",
    "Languages": {
      "tLanguage": {
        "sISOCode": "tha",
        "sName": "Thai"
      }
    }
  },
  {
    "sISOCode": "TJ",
    "sName": "Tajikistan",
    "sCapitalCity": "Dushanbe",
    "sPhoneCode": "992",
    "sContinentCode": "AS",
    "sCurrencyISOCode": "RUB",
    "sCountryFlag": "http:\/\/www.oorsprong.org\/WebSamples.CountryInfo\/Flags\/Tajikistan.jpg",
    "Languages": {
      "tLanguage": {
        "sISOCode": "tgk",
        "sName": "Tajik"
      }
    }
  },
  {
    "sISOCode": "TK",
    "sName": "Tokelau",
    "sCapitalCity": "-",
    "sPhoneCode": "690",
    "sContinentCode": "OC",
    "sCurrencyISOCode": "NZD",
    "sCountryFlag": "http:\/\/www.oorsprong.org\/WebSamples.CountryInfo\/Flags\/Tokelau.jpg",
    "Languages": {
      "tLanguage": {
        "sISOCode": "tok",
        "sName": "Polli (Tokelau)"
      }
    }
  },
  {
    "sISOCode": "TL",
    "sName": "Timor-Leste",
    "sCapitalCity": "Dili",
    "sPhoneCode": "670",
    "sContinentCode": "AS",
    "sCurrencyISOCode": "USD",
    "sCountryFlag": "http:\/\/www.oorsprong.org\/WebSamples.CountryInfo\/Flags\/Timor-Leste.jpg",
    "Languages": {
      "tLanguage": {
        "sISOCode": "por",
        "sName": "Portuguese"
      }
    }
  },
  {
    "sISOCode": "TM",
    "sName": "Turkmenistan",
    "sCapitalCity": "Ashkhabad",
    "sPhoneCode": "993",
    "sContinentCode": "AS",
    "sCurrencyISOCode": "TMM",
    "sCountryFlag": "http:\/\/www.oorsprong.org\/WebSamples.CountryInfo\/Flags\/Turkmeni.jpg",
    "Languages": {
      "tLanguage": {
        "sISOCode": "tuk",
        "sName": "Turkmen"
      }
    }
  },
  {
    "sISOCode": "TN",
    "sName": "Tunisia",
    "sCapitalCity": "Tunis",
    "sPhoneCode": "216",
    "sContinentCode": "AF",
    "sCurrencyISOCode": "TND",
    "sCountryFlag": "http:\/\/www.oorsprong.org\/WebSamples.CountryInfo\/Flags\/Tunisia.jpg",
    "Languages": {
      "tLanguage": {
        "sISOCode": "ara",
        "sName": "Arabic"
      }
    }
  },
  {
    "sISOCode": "TO",
    "sName": "Tonga",
    "sCapitalCity": "Nuku'alofa",
    "sPhoneCode": "676",
    "sContinentCode": "OC",
    "sCurrencyISOCode": "TOP",
    "sCountryFlag": "http:\/\/www.oorsprong.org\/WebSamples.CountryInfo\/Flags\/Tonga.jpg",
    "Languages": {
      "tLanguage": {
        "sISOCode": "tog",
        "sName": "Tonga (Nyasa)"
      }
    }
  },
  {
    "sISOCode": "TR",
    "sName": "Turkey",
    "sCapitalCity": "Ankara",
    "sPhoneCode": "90",
    "sContinentCode": "AS",
    "sCurrencyISOCode": "TRY",
    "sCountryFlag": "http:\/\/www.oorsprong.org\/WebSamples.CountryInfo\/Flags\/Turkey.jpg",
    "Languages": {
      "tLanguage": {
        "sISOCode": "tur",
        "sName": "Turkish"
      }
    }
  },
  {
    "sISOCode": "TT",
    "sName": "Trinidad & Tobago",
    "sCapitalCity": "Port of Spain",
    "sPhoneCode": "1",
    "sContinentCode": "AM",
    "sCurrencyISOCode": "TTD",
    "sCountryFlag": "http:\/\/www.oorsprong.org\/WebSamples.CountryInfo\/Flags\/Trinidad.jpg",
    "Languages": {
      "tLanguage": {
        "sISOCode": "eng",
        "sName": "English"
      }
    }
  },
  {
    "sISOCode": "TV",
    "sName": "Tuvalu",
    "sCapitalCity": "Funafuti",
    "sPhoneCode": "688",
    "sContinentCode": "OC",
    "sCurrencyISOCode": "TVD",
    "sCountryFlag": "http:\/\/www.oorsprong.org\/WebSamples.CountryInfo\/Flags\/Tuvalu.jpg",
    "Languages": {
      "tLanguage": {
        "sISOCode": "tyv",
        "sName": "Tuvinian"
      }
    }
  },
  {
    "sISOCode": "TW",
    "sName": "Taiwan",
    "sCapitalCity": "Taipei",
    "sPhoneCode": "886",
    "sContinentCode": "AS",
    "sCurrencyISOCode": "TWD",
    "sCountryFlag": "http:\/\/www.oorsprong.org\/WebSamples.CountryInfo\/Flags\/Taiwan.jpg",
    "Languages": {
      "tLanguage": {
        "sISOCode": "zh",
        "sName": "Chinese"
      }
    }
  },
  {
    "sISOCode": "TZ",
    "sName": "Tanzania",
    "sCapitalCity": "Dar es Salaam",
    "sPhoneCode": "255",
    "sContinentCode": "AF",
    "sCurrencyISOCode": "TZS",
    "sCountryFlag": "http:\/\/www.oorsprong.org\/WebSamples.CountryInfo\/Flags\/Tanzania.jpg",
    "Languages": {
      "tLanguage": {
        "sISOCode": "swa",
        "sName": "Swahili"
      }
    }
  },
  {
    "sISOCode": "UA",
    "sName": "Ukraine",
    "sCapitalCity": "Kiev",
    "sPhoneCode": "380",
    "sContinentCode": "EU",
    "sCurrencyISOCode": "UAH",
    "sCountryFlag": "http:\/\/www.oorsprong.org\/WebSamples.CountryInfo\/Flags\/Ukraine.jpg",
    "Languages": {
      "tLanguage": {
        "sISOCode": "ukr",
        "sName": "Ukrainian"
      }
    }
  },
  {
    "sISOCode": "UG",
    "sName": "Uganda",
    "sCapitalCity": "Kampala",
    "sPhoneCode": "256",
    "sContinentCode": "AF",
    "sCurrencyISOCode": "UGX",
    "sCountryFlag": "http:\/\/www.oorsprong.org\/WebSamples.CountryInfo\/Flags\/Uganda.jpg",
    "Languages": {
      "tLanguage": {
        "sISOCode": "eng",
        "sName": "English"
      }
    }
  },
  {
    "sISOCode": "UM",
    "sName": "United States Minor Outlying Islands",
    "sCapitalCity": "-",
    "sPhoneCode": "808",
    "sContinentCode": "OC",
    "sCurrencyISOCode": "USD",
    "sCountryFlag": "http:\/\/www.oorsprong.org\/WebSamples.CountryInfo\/Flags\/United_States_Minor_Outlying_Islands.jpg",
    "Languages": {}
  },
  {
    "sISOCode": "US",
    "sName": "United States",
    "sCapitalCity": "Washington",
    "sPhoneCode": "1",
    "sContinentCode": "AM",
    "sCurrencyISOCode": "USD",
    "sCountryFlag": "http:\/\/www.oorsprong.org\/WebSamples.CountryInfo\/Flags\/USA.jpg",
    "Languages": {
      "tLanguage": {
        "sISOCode": "eng",
        "sName": "English"
      }
    }
  },
  {
    "sISOCode": "UY",
    "sName": "Uruguay",
    "sCapitalCity": "Montevideo",
    "sPhoneCode": "598",
    "sContinentCode": "AM",
    "sCurrencyISOCode": "UYU",
    "sCountryFlag": "http:\/\/www.oorsprong.org\/WebSamples.CountryInfo\/Flags\/Uruguay.jpg",
    "Languages": {
      "tLanguage": {
        "sISOCode": "es",
        "sName": "Spanish"
      }
    }
  },
  {
    "sISOCode": "UZ",
    "sName": "Uzbekistan",
    "sCapitalCity": "Tashkent",
    "sPhoneCode": "998",
    "sContinentCode": "AS",
    "sCurrencyISOCode": "UZS",
    "sCountryFlag": "http:\/\/www.oorsprong.org\/WebSamples.CountryInfo\/Flags\/Uzbekistan.jpg",
    "Languages": {
      "tLanguage": {
        "sISOCode": "uzb",
        "sName": "Uzbek"
      }
    }
  },
  {
    "sISOCode": "VA",
    "sName": "Vatican City",
    "sCapitalCity": "Vatican City",
    "sPhoneCode": "39",
    "sContinentCode": "EU",
    "sCurrencyISOCode": "EUR",
    "sCountryFlag": "http:\/\/www.oorsprong.org\/WebSamples.CountryInfo\/Flags\/Vatican.jpg",
    "Languages": {
      "tLanguage": {
        "sISOCode": "ita",
        "sName": "Italian"
      }
    }
  },
  {
    "sISOCode": "VC",
    "sName": "St. Vincent & Grenadines",
    "sCapitalCity": "Kingstown",
    "sPhoneCode": "1",
    "sContinentCode": "AM",
    "sCurrencyISOCode": "XCD",
    "sCountryFlag": "http:\/\/www.oorsprong.org\/WebSamples.CountryInfo\/Flags\/St._Vincent-Grenadines.jpg",
    "Languages": {
      "tLanguage": {
        "sISOCode": "eng",
        "sName": "English"
      }
    }
  },
  {
    "sISOCode": "VE",
    "sName": "Venezuela",
    "sCapitalCity": "Caracas",
    "sPhoneCode": "58",
    "sContinentCode": "AM",
    "sCurrencyISOCode": "VEB",
    "sCountryFlag": "http:\/\/www.oorsprong.org\/WebSamples.CountryInfo\/Flags\/Venezuela.jpg",
    "Languages": {
      "tLanguage": {
        "sISOCode": "es",
        "sName": "Spanish"
      }
    }
  },
  {
    "sISOCode": "VG",
    "sName": "Virgin Islands, British",
    "sCapitalCity": "Road Town",
    "sPhoneCode": "1284",
    "sContinentCode": "AM",
    "sCurrencyISOCode": "USD",
    "sCountryFlag": "http:\/\/www.oorsprong.org\/WebSamples.CountryInfo\/Flags\/Virgin_Islands_British.jpg",
    "Languages": {}
  },
  {
    "sISOCode": "VI",
    "sName": "Virgin Islands, U.S.",
    "sCapitalCity": "Charlotte Amalie",
    "sPhoneCode": "340",
    "sContinentCode": "AM",
    "sCurrencyISOCode": "USD",
    "sCountryFlag": "http:\/\/www.oorsprong.org\/WebSamples.CountryInfo\/Flags\/Virgin_Islands_U.S.jpg",
    "Languages": {
      "tLanguage": [
        {
          "sISOCode": "eng",
          "sName": "English"
        },
        {
          "sISOCode": "es",
          "sName": "Spanish"
        },
        {
          "sISOCode": "fr",
          "sName": "French"
        }
      ]
    }
  },
  {
    "sISOCode": "VN",
    "sName": "Vietnam",
    "sCapitalCity": "Hanoi",
    "sPhoneCode": "84",
    "sContinentCode": "AS",
    "sCurrencyISOCode": "VND",
    "sCountryFlag": "http:\/\/www.oorsprong.org\/WebSamples.CountryInfo\/Flags\/Vietnam.jpg",
    "Languages": {
      "tLanguage": {
        "sISOCode": "vie",
        "sName": "Vietnamese"
      }
    }
  },
  {
    "sISOCode": "VU",
    "sName": "Vanuatu",
    "sCapitalCity": "Port Vila",
    "sPhoneCode": "678",
    "sContinentCode": "OC",
    "sCurrencyISOCode": "VUV",
    "sCountryFlag": "http:\/\/www.oorsprong.org\/WebSamples.CountryInfo\/Flags\/Vanuatu.jpg",
    "Languages": {
      "tLanguage": {
        "sISOCode": "eng",
        "sName": "English"
      }
    }
  },
  {
    "sISOCode": "WF",
    "sName": "Wallis And Futuna",
    "sCapitalCity": "Mata-Utu",
    "sPhoneCode": "685",
    "sContinentCode": "OC",
    "sCurrencyISOCode": "XPF",
    "sCountryFlag": "http:\/\/www.oorsprong.org\/WebSamples.CountryInfo\/Flags\/Wallis_And_Futuna.jpg",
    "Languages": {
      "tLanguage": {
        "sISOCode": "fr",
        "sName": "French"
      }
    }
  },
  {
    "sISOCode": "WS",
    "sName": "Western Samoa",
    "sCapitalCity": "Apia",
    "sPhoneCode": "685",
    "sContinentCode": "OC",
    "sCurrencyISOCode": "WST",
    "sCountryFlag": "http:\/\/www.oorsprong.org\/WebSamples.CountryInfo\/Flags\/Western.jpg",
    "Languages": {
      "tLanguage": {
        "sISOCode": "ara",
        "sName": "Arabic"
      }
    }
  },
  {
    "sISOCode": "YE",
    "sName": "Yemen",
    "sCapitalCity": "Sanaa",
    "sPhoneCode": "967",
    "sContinentCode": "AS",
    "sCurrencyISOCode": "YER",
    "sCountryFlag": "http:\/\/www.oorsprong.org\/WebSamples.CountryInfo\/Flags\/Yemen.jpg",
    "Languages": {
      "tLanguage": {
        "sISOCode": "ara",
        "sName": "Arabic"
      }
    }
  },
  {
    "sISOCode": "YT",
    "sName": "Mayotte",
    "sCapitalCity": "Mamoudzou",
    "sPhoneCode": "269",
    "sContinentCode": "AF",
    "sCurrencyISOCode": "EUR",
    "sCountryFlag": "http:\/\/www.oorsprong.org\/WebSamples.CountryInfo\/Flags\/Mayotte.jpg",
    "Languages": {
      "tLanguage": {
        "sISOCode": "fr",
        "sName": "French"
      }
    }
  },
  {
    "sISOCode": "ZA",
    "sName": "South Africa",
    "sCapitalCity": "Cape Town",
    "sPhoneCode": "27",
    "sContinentCode": "AF",
    "sCurrencyISOCode": "ZAR",
    "sCountryFlag": "http:\/\/www.oorsprong.org\/WebSamples.CountryInfo\/Flags\/South_Africa.jpg",
    "Languages": {
      "tLanguage": {
        "sISOCode": "eng",
        "sName": "English"
      }
    }
  },
  {
    "sISOCode": "ZM",
    "sName": "Zambia",
    "sCapitalCity": "Lusaka",
    "sPhoneCode": "260",
    "sContinentCode": "AF",
    "sCurrencyISOCode": "ZMK",
    "sCountryFlag": "http:\/\/www.oorsprong.org\/WebSamples.CountryInfo\/Flags\/Zambia.jpg",
    "Languages": {
      "tLanguage": {
        "sISOCode": "eng",
        "sName": "English"
      }
    }
  },
  {
    "sISOCode": "ZW",
    "sName": "Zimbabwe",
    "sCapitalCity": "Harare",
    "sPhoneCode": "263",
    "sContinentCode": "AF",
    "sCurrencyISOCode": "ZWD",
    "sCountryFlag": "http:\/\/www.oorsprong.org\/WebSamples.CountryInfo\/Flags\/Zimbabwe.jpg",
    "Languages": {
      "tLanguage": {
        "sISOCode": "eng",
        "sName": "English"
      }
    }
  }
]